Survived,Pclass,Sex,Age,SibSp,Parch,Embarked,name_length,title,title_group,family_size,is_alone,ticket_group_size,cabin_score,name_word_count,Age_missing,Cabin_missing,log_Fare,log_fare_per_person,log_age_fare_ratio
1,1,female,35.0,1,0,S,47,Mrs,Mrs,2,0,2,9.173135754622429,7,False,False,4.51085950651685,3.828641396489095,0.3285040669720361
0,2,male,19.0,0,0,S,31,Mr,Mr,1,1,1,9.06472110964547,4,False,True,2.4423470353692043,2.4423470353692043,1.0330150061822965
0,2,male,34.0,0,0,S,28,Mr,Mr,1,1,1,2.131047040250833,4,False,True,2.6390573296152584,2.6390573296152584,1.285198244248522
1,3,female,4.0,0,2,S,35,Miss,Miss,3,0,1,1.1483682473920354,4,False,True,3.1365805821413706,3.1365805821413706,0.1668794426787894
1,2,female,21.0,0,0,S,17,Miss,Miss,1,1,1,3.922440450997323,3,False,True,2.4423470353692043,2.4423470353692043,1.0986122886681098
0,1,male,19.0,1,0,S,25,Mr,Mr,2,0,1,0.6420893707513409,4,False,False,3.9908341858524357,3.9908341858524357,0.30587711604301027
0,3,female,41.0,0,5,S,38,Mrs,Mrs,6,0,6,8.505817290942419,6,False,True,3.705920919968788,2.0301199863471253,0.709547391953951
0,3,male,30.0,1,0,S,24,Mr,Mr,2,0,2,7.43946292572677,4,False,True,2.8390784635086144,2.2027647577118348,1.0519936780121855
0,3,female,29.69911764705882,0,2,C,29,Mrs,Mrs,3,0,2,0.8692028808742369,4,True,True,2.7878344138303452,2.1544330519701873,0.0
0,2,male,57.0,0,0,Q,30,Rev,Other,1,1,1,8.512069140487688,4,False,True,2.5915163848462583,2.5915163848462583,1.7255100836868544
0,2,male,24.0,0,0,S,33,Mr,Mr,1,1,1,2.322126951468173,5,False,True,2.4423470353692043,2.4423470353692043,1.1895840668738364
0,3,male,61.0,0,0,S,25,Mr,Mr,1,1,1,9.148459010681,4,False,True,1.9792758428991135,1.9793449251415507,2.3776516665217238
1,3,female,38.0,1,5,S,57,Mrs,Mrs,7,0,4,9.44765729882428,8,False,True,3.4777725458882283,2.180078418501249,0.7932970115325764
0,3,male,21.0,0,0,S,30,Mr,Mr,1,1,1,3.351188542591419,4,False,True,2.2442459824059346,2.244214179667716,1.2499385319499488
1,1,male,49.0,1,0,C,24,Mr,Mr,2,0,2,3.8929561404197655,4,False,False,4.500966778400217,3.8188545305356816,0.4382020012842376
1,1,male,32.0,0,0,C,25,Dr,Other,1,1,1,6.780161525590636,3,False,False,3.449987545831587,3.449987545831587,0.7174398731289898
0,2,male,30.0,0,0,S,26,Mr,Mr,1,1,1,6.334782198261473,4,False,True,2.6390573296152584,2.6390573296152584,1.1962507582320256
0,3,female,29.69911764705882,3,1,S,18,Miss,Miss,5,0,4,1.4011317576645257,3,True,True,3.275887339030031,1.9970105677006766,0.0
0,3,male,17.0,0,0,S,19,Mr,Mr,1,1,1,4.866689414247029,3,False,True,2.2682524139135403,2.268200666132215,1.0860274178290303
0,2,male,52.0,0,0,S,26,Mr,Mr,1,1,1,7.704074178077932,4,False,True,2.6741486494265287,2.6741486494265287,1.5793604571968225
0,2,male,29.69911764705882,0,0,C,16,Mr,Mr,1,1,1,4.254364386164168,3,True,True,2.775708849576025,2.775708849576025,0.0
0,3,male,19.0,0,0,S,27,Mr,Mr,1,1,1,2.4317219099945406,4,False,True,2.1719067693519296,2.1719067693519296,1.2365551582685146
0,3,male,32.0,0,0,Q,19,Mr,Mr,1,1,1,1.6704190790094986,3,False,True,2.169053700369523,2.169053700369523,1.6349169977350853
0,3,male,29.69911764705882,0,0,C,23,Mr,Mr,1,1,1,8.496473906774115,4,True,True,2.1071782966514356,2.1071782966514356,0.0
1,3,male,44.0,0,0,S,25,Mr,Mr,1,1,1,4.252135044692334,4,False,True,2.188856327665703,2.188856327665703,1.8797780499988317
0,2,male,32.5,1,0,C,20,Mr,Mr,2,0,2,5.116774421156661,3,False,True,3.436268471383741,2.7747738331451184,0.7327441143727409
1,2,female,34.0,0,0,S,28,Mrs,Mrs,1,1,1,8.620426509893134,4,False,False,2.4423470353692043,2.4423470353692043,1.4441139320087168
0,3,male,29.69911764705882,0,0,C,17,Mr,Mr,1,1,1,6.960206180537922,3,True,True,2.1071782966514356,2.1071782966514356,0.0
1,3,female,29.69911764705882,2,0,Q,18,Miss,Miss,3,0,2,0.1309445658833363,3,True,True,3.188416617383492,2.5356789751614235,0.0
0,3,male,29.69911764705882,0,0,S,21,Mr,Mr,1,1,1,8.32134177957742,3,True,True,2.1855792552411137,2.1856017375082266,0.0
1,3,female,1.0,1,1,S,28,Miss,Miss,3,0,3,1.7088758739006582,4,False,True,2.495953738718064,1.549900199717904,0.08601312141997733
1,1,female,36.0,0,2,S,23,Miss,Miss,3,0,2,8.747016726841995,4,False,False,4.276666119016055,3.597312260588446,0.41014895742059077
1,1,female,35.0,0,0,C,16,Miss,Miss,1,1,3,3.4208174871590744,3,False,True,6.240917354759096,5.1461913024691075,0.06608306237594891
1,3,female,29.69911764705882,0,0,C,23,Mrs,Mrs,1,1,1,8.647223762550531,3,True,True,2.1071782966514356,2.1071782966514356,0.0
1,1,male,52.0,0,0,S,30,Major,Other,1,1,1,7.380336164263705,4,False,False,3.449987545831587,3.449987545831587,0.9950716097272693
1,1,female,30.0,0,0,S,20,Miss,Miss,1,1,3,8.767656367617494,3,False,False,4.471638793363569,3.395615163365922,0.2977468590679216
1,1,female,29.69911764705882,0,0,C,30,Mrs,Mrs,1,1,1,7.624586857406905,4,True,True,4.384523514872469,4.384523514872469,0.0
1,1,female,42.0,0,0,C,21,Miss,Miss,1,1,4,7.222669318556591,3,False,True,5.4316456135398825,4.058389178739121,0.1694010279617622
1,3,male,26.0,0,0,S,14,Mr,Mr,1,1,7,0.3394597858579884,3,False,True,4.05171190165724,2.205082511632807,0.37858108384768346
1,3,female,18.0,0,0,S,25,Miss,Miss,1,1,1,1.6748258225906976,4,False,True,2.139571923732859,2.139595464499583,1.2241708690328226
0,2,male,30.0,0,0,S,18,Mr,Mr,1,1,1,7.694929331919369,3,False,True,2.6390573296152584,2.6390573296152584,1.1962507582320256
0,3,male,23.0,0,0,S,18,Mr,Mr,1,1,1,4.552201490818012,3,False,True,2.1855792552411137,2.1856017375082266,1.3642892798055852
1,1,female,47.0,1,1,S,48,Mrs,Mrs,3,0,2,3.910815366517607,6,False,False,3.9806942251907276,3.306043856253557,0.638857201463349
1,2,female,40.0,0,0,S,25,Miss,Miss,1,1,1,0.3654966784809488,4,False,True,2.6390573296152584,2.6390573296152584,1.405342556090585
0,1,male,56.0,0,0,C,23,Mr,Mr,1,1,1,9.293759891275858,4,False,False,3.4561841799918147,3.456190489956195,1.0382796022900074
0,3,female,18.0,0,0,Q,28,Miss,Miss,1,1,1,1.607598960483082,4,False,True,2.0476928433652555,2.0476928433652555,1.2992829841302609
0,3,male,29.69911764705882,0,0,S,18,Mr,Mr,1,1,1,6.166503145207381,3,True,True,2.1855792552411137,2.1856017375082266,0.0
1,1,female,23.0,1,0,C,22,Miss,Miss,2,0,3,5.830415609696922,3,False,False,4.738607824217808,3.6573371861040576,0.18485641239714265
1,2,female,33.0,0,2,S,45,Mrs,Mrs,3,0,2,1.8057534512733355,6,False,True,3.295836866004329,2.6390573296152584,0.8194409058842373
0,1,male,36.0,0,0,C,19,Mr,Mr,1,1,1,5.126885110165086,4,False,False,3.716616209085536,3.716616209085536,0.6403771445798812
0,3,male,22.0,0,0,S,21,Mr,Mr,1,1,1,7.795844735667533,3,False,True,2.2027647577118348,2.2027647577118348,1.3171905695507444
0,2,male,51.0,0,0,S,26,Rev,Other,1,1,1,3.5609672589784624,4,False,True,2.6045398247325453,2.6045398247325453,1.6237068822352994
1,1,female,35.0,1,0,S,44,Mrs,Mrs,2,0,2,4.626797856696064,6,False,False,4.436455632600354,3.7550884542242717,0.35015478202393374
1,3,female,29.69911764705882,0,0,Q,29,Miss,Miss,1,1,1,4.505441353100935,4,True,True,2.1837114628556327,2.1836889380501896,0.0
0,2,male,29.69911764705882,0,0,S,32,Mr,Mr,1,1,1,6.946964708544268,5,True,True,0.0,0.0,0.0
1,3,male,29.69911764705882,0,0,C,16,Mr,Mr,1,1,1,1.1355759219962902,3,True,True,2.1076888046179385,2.1076645006235757,0.0
0,3,female,17.0,0,0,C,21,Miss,Miss,1,1,2,6.18254771530296,3,False,True,2.738146075922933,2.1076645006235757,0.7773942151771172
1,1,male,29.69911764705882,0,0,C,20,Mr,Mr,1,1,1,0.4010919141248248,3,True,False,3.4242626545931514,3.4242626545931514,0.0
0,3,male,32.0,0,0,S,18,Mr,Mr,1,1,1,8.302198645669916,3,False,True,2.188856327665703,2.188856327665703,1.6169803743377318
1,3,male,31.0,0,0,S,18,Mr,Mr,1,1,1,6.855652872289713,3,False,True,2.188856327665703,2.188856327665703,1.5916143979567179
0,3,male,22.0,0,0,S,19,Mr,Mr,1,1,1,8.926717110769749,3,False,True,2.174274334826008,2.174297072692515,1.3407823168465163
1,1,female,39.0,1,1,C,52,Mrs,Mrs,3,0,4,6.496466489923685,7,False,False,4.717456363787216,3.3576285625153623,0.30137869439371545
0,3,female,29.69911764705882,0,0,Q,18,Miss,Miss,1,1,1,7.972953657795536,3,True,True,2.169053700369523,2.169053700369523,0.0
1,3,male,29.0,0,0,S,27,Mr,Mr,1,1,1,6.4087474480321465,4,False,True,2.3513752571634776,2.3513752571634776,1.3993664426872434
0,2,male,29.0,1,0,C,25,Mr,Mr,2,0,1,2.707446731435538,4,False,True,3.357621598945279,3.3576285625153623,0.7159579525626418
1,2,male,0.83,1,1,S,31,Master,Master,3,0,3,4.626229567393163,4,False,True,2.9831534913471307,1.9810014688665833,0.04331488468594444
1,2,female,24.0,1,2,S,19,Miss,Miss,4,0,2,5.5085737060913935,3,False,True,4.189654742026425,3.5115454388310208,0.3142490998365027
0,2,male,47.0,0,0,S,23,Mr,Mr,1,1,1,2.204862090701753,4,False,True,2.772588722239781,2.772588722239781,1.4190841839428814
1,1,male,26.0,0,0,C,21,Mr,Mr,1,1,1,7.067772168854458,4,False,False,3.4339872044851463,3.4339872044851463,0.6241543090729939
0,3,female,30.5,0,0,Q,18,Miss,Miss,1,1,1,9.866625932671464,3,False,True,2.169053700369523,2.169053700369523,1.5964507169072892
0,2,male,36.5,0,2,S,40,Mr,Mr,3,0,3,6.459172413316012,6,False,False,3.295836866004329,2.268718023482468,0.8770700187208736
1,3,female,4.0,1,1,S,31,Miss,Miss,3,0,2,5.941307153521351,4,False,False,2.8735646395797834,2.2353763433005955,0.21472498084861394
1,2,female,5.0,1,2,S,28,Miss,Miss,4,0,3,9.041586944937483,4,False,True,3.3586377672433594,2.327277705584417,0.16566712188881733
1,2,male,1.0,2,1,S,25,Master,Master,4,0,2,2.4240973241508024,4,False,False,3.6888794541139363,3.0204248861443626,0.025317807984289835
0,2,male,26.0,0,0,S,19,Mr,Mr,1,1,1,2.5975378376032623,3,False,True,2.4423470353692043,2.4423470353692043,1.2459370034249682
0,3,male,18.0,1,1,S,22,Mr,Mr,3,0,1,5.567628930139298,4,False,True,2.180891922715322,2.180869334309949,1.1914246430157773
0,3,male,26.0,1,0,S,23,Mr,Mr,2,0,1,6.936822257814886,4,False,True,2.180891922715322,2.180869334309949,1.4610146479079027
1,1,male,27.0,1,0,S,29,Mr,Mr,2,0,2,6.5166682537588505,4,False,False,3.9908341858524357,3.3160025355989236,0.4110989258264204
0,3,male,10.0,3,2,S,28,Master,Master,6,0,6,4.98195716453139,4,False,True,3.3638415951183864,1.7316555451583497,0.30632442326106063
0,1,male,51.0,0,1,C,27,Mr,Mr,2,0,1,1.5285913918433205,4,False,True,4.133231886474144,4.133228680272067,0.6048078514090864
1,3,male,39.0,0,0,S,18,Mr,Mr,1,1,1,5.902949425148077,3,False,True,2.188856327665703,2.188856327665703,1.7785282627092283
0,2,male,36.0,0,0,S,23,Mr,Mr,1,1,1,2.051396404820072,4,False,True,2.6390573296152584,2.6390573296152584,1.32687094064909
1,2,male,1.0,0,2,C,21,Master,Master,3,0,2,6.802282424312914,3,False,True,3.637696679934592,2.9705170244129273,0.02666526021902537
0,1,male,29.69911764705882,0,0,S,29,Mr,Mr,1,1,1,5.657319639957911,5,True,True,0.0,0.0,0.0
0,3,male,29.69911764705882,0,0,Q,18,Mr,Mr,1,1,1,4.963662472012364,3,True,True,2.1661924680884908,2.1661924680884908,0.0
0,3,male,14.0,4,1,S,24,Mr,Mr,6,0,6,9.734889691773969,4,False,True,3.705920919968788,2.0301199863471253,0.30214392309156374
1,1,male,48.0,0,0,S,19,Mr,Mr,1,1,1,6.636711653626481,3,False,False,3.3160025355989236,3.3160025355989236,1.0324402935227996
0,3,male,29.69911764705882,1,2,S,22,Mr,Mr,4,0,2,6.894649691372657,4,True,True,3.196630215920881,2.5435685624365862,0.0
1,1,female,18.0,2,2,C,26,Miss,Miss,5,0,2,0.0463202300460285,4,False,False,5.5735788721243535,4.884225151739353,0.06635321469957525
0,3,male,29.69911764705882,8,2,S,26,Master,Master,11,0,7,2.850951686938471,4,True,True,4.256321678298823,2.3920600994216485,0.0
1,3,male,1.0,1,2,S,26,Master,Master,4,0,2,6.364302495436367,4,False,True,3.0715352369694915,2.423740214550513,0.04745849040635804
1,3,female,29.69911764705882,0,0,Q,33,Miss,Miss,1,1,1,9.461154621336329,5,True,True,2.1837114628556327,2.1836889380501896,0.0
0,3,male,51.0,0,0,S,32,Mr,Mr,1,1,1,2.9446575954191765,4,False,True,2.169053700369523,2.169053700369523,2.0255983096590127
0,1,male,29.69911764705882,0,0,S,19,Mr,Mr,1,1,1,9.69470433275369,4,True,True,3.2930552230424524,3.2930552230424524,0.0
1,2,female,28.0,0,0,S,17,Miss,Miss,1,1,1,8.78629986355158,3,False,True,2.6390573296152584,2.6390573296152584,1.148622709242771
1,2,female,24.0,2,1,S,51,Mrs,Mrs,4,0,2,8.158331249906178,7,False,True,3.332204510175204,2.6741486494265287,0.6359887667199967
1,3,male,32.0,0,0,S,17,Mr,Mr,1,1,1,9.499611839502254,3,False,True,2.180891922715322,2.180869334309949,1.624179374351713
1,1,female,35.0,0,0,S,22,Miss,Miss,1,1,3,6.411476328852973,3,False,False,4.91730069488021,3.8332178649856155,0.2295618888658791
0,1,male,71.0,0,0,C,25,Mr,Mr,1,1,1,2.063337184057925,4,False,False,3.57386695198272,3.57386134252967,1.1147525667647726
1,2,female,50.0,0,0,S,20,Miss,Miss,1,1,1,3.3987496376806616,3,False,True,2.4423470353692043,2.4423470353692043,1.751268107873318
0,3,female,22.0,0,0,S,27,Miss,Miss,1,1,1,7.281887562036033,4,False,True,2.3830123421066602,2.3830584771439223,1.174443226562054
0,3,male,7.0,4,1,Q,18,Master,Master,6,0,5,4.620058036441327,3,False,True,3.405355391810819,1.9205923410710235,0.2153882345467315
0,2,male,30.0,1,0,C,19,Mr,Mr,2,0,2,0.5476163882203133,3,False,True,3.2188758248682006,2.5649493574615367,0.8109302162163288
0,3,male,34.0,1,1,S,25,Mr,Mr,3,0,2,0.8698675991141014,4,False,True,2.7343675094195836,2.1041341542702074,1.2122716071406312
1,3,female,29.69911764705882,0,0,Q,20,Miss,Miss,1,1,1,8.617856210135173,3,True,True,2.1837114628556327,2.1836889380501896,0.0
0,3,male,43.0,0,0,S,15,Mr,Mr,1,1,1,7.61027902502028,3,False,True,2.2027647577118348,2.2027647577118348,1.8471334531802026
0,1,male,60.0,0,0,S,15,Col,Other,1,1,1,4.886431904046658,3,False,True,3.3160025355989236,3.3160025355989236,1.1816925339342705
1,3,female,1.0,0,2,C,27,Miss,Miss,3,0,2,8.556964681062858,4,False,True,2.817902613071225,2.18278752953845,0.06158937083150456
1,3,female,29.0,0,2,C,39,Mrs,Mrs,3,0,1,5.698896848713165,6,False,True,2.7878344138303452,2.7878467246287624,1.065456396409862
0,3,male,48.0,0,0,S,23,Mr,Mr,1,1,1,7.024649705441039,4,False,True,2.180891922715322,2.180869334309949,1.961696303557188
0,3,male,43.0,0,0,S,32,Mr,Mr,1,1,1,6.587077755008761,5,False,True,2.0082140323914683,2.0082140323914683,2.03688192726104
0,1,male,24.0,0,1,C,24,Mr,Mr,2,0,2,0.366832028905979,4,False,False,5.515526544247129,4.826391891739602,0.09254412897594466
0,2,male,59.0,0,0,S,25,Mr,Mr,1,1,1,7.476093801762511,4,False,True,2.6741486494265287,2.6741486494265287,1.6808968764162453
0,3,female,39.0,1,5,S,57,Mrs,Mrs,7,0,7,8.887480798689772,7,False,True,3.4742929367327062,1.6989129188617031,0.8095970604396208
1,1,male,17.0,0,2,C,27,Mr,Mr,3,0,4,8.736771141863388,5,False,False,4.717456363787216,3.3576285625153623,0.1426398323978101
0,3,female,31.0,1,0,S,55,Mrs,Mrs,2,0,1,0.5637549665092711,7,False,True,2.9444389791664403,2.9444389791664403,1.001448540214462
0,3,female,6.0,4,2,S,34,Miss,Miss,7,0,7,2.192139873580443,5,False,True,3.4742929367327062,1.6989129188617031,0.17550380429782722
0,3,male,38.0,0,0,S,15,Mr,Mr,1,1,1,8.062012797930613,3,False,True,2.1855792552411137,2.1856017375082266,1.7600426370821058
0,3,male,20.0,0,0,S,29,Mr,Mr,1,1,2,7.734731256866007,4,False,True,2.3837779082709782,1.778843077294828,1.1089991581090417
0,1,male,29.69911764705882,0,0,S,16,Mr,Mr,1,1,1,3.3689579177110685,3,True,False,0.0,0.0,0.0
1,1,female,29.69911764705882,0,0,C,23,Miss,Miss,1,1,4,5.912754357449293,3,True,True,4.717456363787216,3.3576285625153623,0.0
0,3,male,30.0,0,0,S,30,Mr,Mr,1,1,1,1.5615259736619036,5,False,True,2.1102132003465894,2.1102132003465894,1.6366504759589853
1,2,male,0.83,0,2,S,29,Master,Master,3,0,2,1.2804583895777244,4,False,True,3.4011973816621555,2.740840023925201,0.02821876854018311
0,3,male,19.0,0,0,S,20,Mr,Mr,1,1,2,4.674015112498697,3,False,True,2.740840023925201,2.1102132003465894,0.837396789404492
1,3,male,3.0,1,1,S,38,Master,Master,3,0,2,5.648411332626164,5,False,True,2.8273136219290276,2.191653532286764,0.1728428128394108
0,2,male,39.0,0,0,S,46,Mr,Mr,1,1,2,2.207696127887604,7,False,True,3.295836866004329,2.6390573296152584,0.9162907318741551
0,2,male,50.0,0,0,S,23,Mr,Mr,1,1,1,0.3113408288451136,4,False,True,2.6390573296152584,2.6390573296152584,1.578185368929996
0,3,female,29.69911764705882,0,0,S,39,Mrs,Mrs,1,1,1,0.2246930832011739,6,True,True,2.2027647577118348,2.2027647577118348,0.0
1,2,female,28.0,1,0,C,37,Mrs,Mrs,2,0,2,6.567366645412922,5,False,True,3.2188758248682006,2.5649493574615367,0.7731898882334818
1,3,female,33.0,3,0,S,55,Mrs,Mrs,4,0,2,4.739616402628723,7,False,True,2.8243506567983707,2.188856327665703,1.125584878165502
1,3,female,29.69911764705882,0,0,Q,19,Miss,Miss,1,1,1,0.2709599250348349,3,True,True,2.169053700369523,2.169053700369523,0.0
0,1,male,29.69911764705882,0,0,S,18,Mr,Mr,1,1,1,7.247667715287615,3,True,False,5.406181146423973,5.40618024867369,0.0
0,3,male,29.69911764705882,0,0,Q,16,Mr,Mr,1,1,1,0.26366974497252,3,True,True,2.246892662898172,2.2468609442216843,0.0
0,1,male,50.0,1,0,S,25,Mr,Mr,2,0,2,2.064212717606032,4,False,False,4.041295341132285,3.3655702040190043,0.6389308724463072
0,1,male,28.0,1,0,C,23,Mr,Mr,2,0,2,6.181282404578958,4,False,True,4.420896324687287,3.7396913826635396,0.2932318810215027
0,3,female,29.69911764705882,0,0,S,28,Miss,Miss,1,1,1,8.995745732745684,4,True,True,2.145931282948669,2.145931282948669,0.0
0,3,male,16.0,1,3,S,22,Mr,Mr,5,0,4,6.675577385210271,4,False,True,3.5660053559634015,2.261137903079872,0.38216546428011167
0,3,male,29.69911764705882,0,0,S,26,Mr,Mr,1,1,1,1.069806388269584,4,True,True,2.1719067693519296,2.1719067693519296,0.0
0,3,male,2.0,3,1,S,30,Master,Master,5,0,4,8.105533307818328,4,False,True,3.0944457464900235,1.8356168522918315,0.09066227650099669
0,1,male,64.0,0,0,S,28,Mr,Mr,1,1,1,3.507118154517101,4,False,True,3.295836866004329,3.295836866004329,1.241713132308783
0,3,male,26.0,1,2,S,23,Mr,Mr,4,0,2,0.8870253375705561,4,False,True,3.0715352369694915,2.423740214550513,0.8169871699245187
1,3,female,24.0,0,2,S,51,Mrs,Mrs,3,0,2,4.214245505924979,6,False,False,2.8735646395797834,2.2353763433005955,0.8908193730258399
0,3,male,19.0,0,0,S,31,Mr,Mr,1,1,4,1.2466268120326685,5,False,True,0.0,0.0,0.0
0,3,female,23.0,0,0,S,28,Miss,Miss,1,1,1,1.8211791568869928,4,False,True,2.188856327665703,2.188856327665703,1.3615425985152074
1,1,female,58.0,0,1,S,45,Mrs,Mrs,2,0,3,7.200365365460744,6,False,False,5.039951348430309,3.9542008803270154,0.32059144029445186
1,3,female,29.69911764705882,0,0,Q,24,Miss,Miss,1,1,1,4.732099066915572,3,True,True,2.1676241075599285,2.167681330529244,0.0
1,3,male,29.69911764705882,0,0,S,12,Mr,Mr,1,1,7,0.2212355152899725,3,True,True,4.05171190165724,2.205082511632807,0.0
1,2,male,3.0,1,1,S,30,Master,Master,3,0,3,9.484533069621566,4,False,True,2.9831534913471307,1.9810014688665833,0.1484200051182733
0,3,male,47.0,0,0,S,27,Mr,Mr,1,1,1,2.5813343270112754,4,False,True,2.302585092994046,2.302585092994046,1.8281271133989299
0,3,male,21.0,0,0,S,26,Mr,Mr,1,1,1,8.065611478614498,4,False,True,2.2027647577118348,2.2027647577118348,1.2833463918674481
0,3,female,20.0,1,0,S,23,Miss,Miss,2,0,1,4.845229851910213,3,False,True,2.3818582738885534,2.3818582738885534,1.110416810228655
1,1,female,38.0,1,0,C,51,Mrs,Mrs,2,0,1,4.182430362906189,7,False,False,4.2805931204649,4.280588970120041,0.42728151463672404
0,3,male,32.0,0,0,S,32,Mr,Mr,1,1,1,4.988881534513561,4,False,True,2.236712348843338,2.2366589428778787,1.5741437106300467
1,1,female,39.0,1,0,S,41,Mrs,Mrs,2,0,2,1.6703394609207525,6,False,False,4.041295341132285,3.3655702040190043,0.5292593254548288
0,2,male,30.0,0,0,S,27,Mr,Mr,1,1,1,7.4112064929005905,4,False,True,2.6390573296152584,2.6390573296152584,1.1962507582320256
0,3,male,33.0,0,0,C,20,Mr,Mr,1,1,1,0.2007119777772636,3,False,True,2.1855792552411137,2.1856017375082266,1.6446963957595366
1,3,female,5.0,0,0,S,29,Miss,Miss,1,1,2,3.506269312091808,4,False,True,2.600836116795061,1.9793449251415507,0.33704464648229154
1,2,male,31.0,0,0,S,21,Mr,Mr,1,1,1,9.320281055100176,3,False,True,2.6390573296152584,2.6390573296152584,1.2192402764567245
0,3,male,16.0,4,1,S,25,Mr,Mr,6,0,6,2.292513952326414,4,False,True,3.705920919968788,2.0301199863471253,0.33871942857811765
0,2,male,28.0,0,1,S,17,Rev,Other,2,0,3,2.768277972350516,3,False,True,3.5263605246161616,2.4849066497880004,0.614366302706831
0,2,male,66.0,0,0,S,21,Mr,Mr,1,1,1,6.717006844058568,4,False,True,2.4423470353692043,2.4423470353692043,1.9859154836690125
0,1,male,22.0,0,0,C,19,Mr,Mr,1,1,3,1.0410858198457384,3,False,True,4.91730069488021,3.8332178649856155,0.15031652894162595
1,2,female,42.0,1,0,S,51,Mrs,Mrs,2,0,1,6.514203883518642,7,False,True,3.295836866004329,3.295836866004329,0.9614111671546247
1,3,female,16.0,0,0,Q,25,Miss,Miss,1,1,1,1.2429722348554473,4,False,True,2.169053700369523,2.169053700369523,1.1198896871153945
0,3,male,17.0,0,0,S,15,Mr,Mr,1,1,1,5.245113895702547,3,False,True,2.2682524139135403,2.268200666132215,1.0860274178290303
1,3,female,22.0,0,0,S,24,Miss,Miss,1,1,1,5.371065418185478,4,False,True,2.169053700369523,2.169053700369523,1.3451362886263831
0,3,male,29.69911764705882,0,0,S,24,Mr,Mr,1,1,1,1.2887972191064925,4,True,True,2.2027647577118348,2.2027647577118348,0.0
0,3,male,29.0,0,0,S,20,Mr,Mr,1,1,1,1.6893506307216457,3,False,True,2.2027647577118348,2.2027647577118348,1.5265962603116237
1,1,female,41.0,0,0,C,31,Miss,Miss,1,1,2,9.968742518459472,4,False,False,4.908971640319756,4.223177434065069,0.2660748438640267
1,3,male,24.0,0,0,S,25,Mr,Mr,1,1,1,2.4247050363472966,4,False,True,2.0969990034181696,2.097035850080787,1.4725969138307577
0,3,male,29.69911764705882,0,0,S,22,Mr,Mr,1,1,1,1.5167487973275118,4,True,True,2.1102132003465894,2.1102132003465894,0.0
0,3,female,3.0,3,1,S,26,Miss,Miss,5,0,4,7.999160853731894,4,False,True,3.0944457464900235,1.8356168522918315,0.13308645379627013
0,2,male,54.0,1,0,S,29,Rev,Other,2,0,2,7.885972112245307,4,False,True,3.295836866004329,2.6390573296152584,1.1239300966523995
0,3,male,28.0,2,0,S,28,Mr,Mr,3,0,1,1.8143543508979727,4,False,True,2.188856327665703,2.188856327665703,1.5114111122017444
0,3,male,29.69911764705882,0,0,S,24,Mr,Mr,1,1,1,4.034828662123971,4,True,True,2.2027647577118348,2.2027647577118348,0.0
1,2,female,13.0,0,1,S,33,Miss,Miss,2,0,2,5.189177052828375,4,False,True,3.0204248861443626,2.3749057545736716,0.5108256237659907
1,3,female,18.0,0,0,S,23,Miss,Miss,1,1,1,0.678370591051719,4,False,True,2.3833998102837652,2.3834274808381464,1.0399064364505435
0,3,male,26.0,0,0,S,17,Mr,Mr,1,1,1,1.6352387258502277,3,False,True,2.1855792552411137,2.1856017375082266,1.456960140375883
0,3,male,29.69911764705882,3,1,S,29,Master,Master,5,0,4,5.716126894698999,4,True,True,3.275887339030031,1.9970105677006766,0.0
1,3,female,23.0,0,0,S,31,Miss,Miss,1,1,1,0.2924728303455914,5,False,True,2.145931282948669,2.145931282948669,1.397817122356671
0,2,male,30.0,0,0,S,18,Mr,Mr,1,1,1,1.636559428657045,3,False,True,2.4423470353692043,2.4423470353692043,1.349926716949016
0,3,male,29.69911764705882,0,0,S,26,Mr,Mr,1,1,1,8.952068376871994,4,True,True,2.2027647577118348,2.2027647577118348,0.0
1,1,female,44.0,0,1,C,47,Mrs,Mrs,2,0,2,1.205668857772788,7,False,False,4.077184839375167,3.4008639927609177,0.5646845453838268
1,1,female,35.0,1,0,S,51,Mrs,Mrs,2,0,2,3.971835296184549,7,False,True,3.970291913552122,3.295836866004329,0.5146644000731564
0,3,male,24.0,0,0,S,16,Mr,Mr,1,1,1,4.24130671302386,3,False,True,2.1855792552411137,2.1856017375082266,1.3961433671509238
1,2,female,34.0,0,1,S,36,Mrs,Mrs,2,0,2,5.034172708548569,7,False,True,3.1780538303479458,2.5257286443082556,0.9075570519054004
0,1,male,24.0,0,0,C,18,Mr,Mr,1,1,2,4.984421989290572,3,False,False,4.384523514872469,3.703768066607687,0.26469255422708216
1,3,male,16.0,0,0,S,30,Mr,Mr,1,1,1,1.6426579793099294,4,False,True,2.2027647577118348,2.2027647577118348,1.094462905121298
1,2,female,24.0,1,0,S,35,Mrs,Mrs,2,0,2,3.4634599436596125,5,False,True,3.295836866004329,2.6390573296152584,0.653926467406664
0,3,male,29.69911764705882,0,0,Q,16,Mr,Mr,1,1,1,8.09516074724878,3,True,True,2.169053700369523,2.169053700369523,0.0
1,3,male,32.0,0,0,S,19,Mr,Mr,1,1,1,2.3167170138344337,3,False,True,2.188856327665703,2.188856327665703,1.6169803743377318
0,2,male,18.0,0,0,S,25,Mr,Mr,1,1,1,4.391349085702184,4,False,True,2.6390573296152584,2.6390573296152584,0.8690378470236095
0,3,male,28.0,1,0,S,30,Mr,Mr,2,0,2,4.0941165219124045,4,False,True,2.8243506567983707,2.188856327665703,1.0176052184949023
1,1,female,19.0,1,0,C,39,Mrs,Mrs,2,0,2,1.5253904291426137,6,False,False,4.5226490762785785,3.8403121578741457,0.18947064904684557
1,3,female,22.0,0,0,Q,20,Miss,Miss,1,1,1,9.224993811772958,3,False,True,2.169053700369523,2.169053700369523,1.3451362886263831
1,1,female,49.0,0,0,S,27,Dr,Other,1,1,1,7.140869321324278,4,False,False,3.2932111997353943,3.2932037728254713,1.0611739209077091
1,3,male,29.0,0,0,Q,24,Mr,Mr,1,1,1,6.974202672468399,4,False,True,2.169053700369523,2.169053700369523,1.5564453822935902
0,1,male,29.0,0,0,S,22,Mr,Mr,1,1,1,5.675408482615581,4,False,False,3.4339872044851463,3.4339872044851463,0.6763400622435641
0,1,male,38.0,0,1,S,25,Mr,Mr,2,0,3,1.7803596686975145,4,False,False,5.039951348430309,3.9542008803270154,0.22123572948371406
0,3,male,50.0,0,0,S,24,Mr,Mr,1,1,1,2.7214513722996267,4,False,True,2.2027647577118348,2.2027647577118348,1.9756326167134284
0,3,male,29.0,0,0,S,26,Mr,Mr,1,1,1,9.436159201675988,4,False,True,2.3497835148230464,2.3497548974704356,1.4006920239966216
0,3,male,29.69911764705882,0,0,Q,17,Mr,Mr,1,1,3,8.445493985350703,3,True,True,3.224857896545748,2.2027647577118348,0.0
0,1,male,18.0,1,0,C,42,Mr,Mr,2,0,2,9.25248317415666,7,False,False,4.699570861409576,4.015481713796376,0.15296934478142718
0,3,male,29.69911764705882,8,2,S,24,Mr,Mr,11,0,7,9.007018640112586,4,True,True,4.256321678298823,2.3920600994216485,0.0
0,3,male,25.0,0,0,S,21,Mr,Mr,1,1,1,7.090605194509164,3,False,True,2.1855792552411137,2.1856017375082266,1.4270140175179407
1,1,female,33.0,1,0,S,46,Mrs,Mrs,2,0,2,0.603520839905638,6,False,False,3.9908341858524357,3.3160025355989236,0.4833324831857919
1,1,female,26.0,0,0,S,28,Miss,Miss,1,1,2,7.072386343133986,4,False,True,4.380149874661021,3.6994484054631704,0.28498344393888153
0,3,male,33.0,0,0,S,28,Mr,Mr,1,1,1,4.09334006315043,4,False,True,2.1719067693519296,2.1719067693519296,1.6571556904417797
1,3,male,32.0,0,0,S,13,Mr,Mr,1,1,7,6.334008543167258,3,False,True,4.05171190165724,2.205082511632807,0.4487887941544854
0,3,female,31.0,0,0,S,19,Miss,Miss,1,1,1,8.17443561738441,3,False,True,2.180891922715322,2.180869334309949,1.5987677585155602
0,2,male,29.69911764705882,0,0,S,26,Mr,Mr,1,1,1,1.0250972799067926,4,True,True,0.0,0.0,0.0
0,3,male,29.69911764705882,0,0,C,14,Mr,Mr,1,1,1,8.682725054083805,3,True,True,2.1076888046179385,2.1076645006235757,0.0
0,3,male,59.0,0,0,S,17,Mr,Mr,1,1,1,1.206358711006008,3,False,True,2.1102132003465894,2.1102132003465894,2.2124339959997483
1,1,male,42.0,0,0,S,33,Mr,Mr,1,1,1,6.804993020747131,4,False,False,3.3064287218760624,3.306447045116345,0.9546331926930178
1,1,female,38.0,0,0,,19,Miss,Miss,1,1,2,7.8365301274114305,3,False,False,4.394449154672439,3.713572066704308,0.3886579897917832
0,3,male,21.0,0,0,S,16,Mr,Mr,1,1,1,3.4593499254696294,3,False,True,2.2682524139135403,2.268200666132215,1.2308802572458604
1,3,male,45.0,0,0,S,21,Mr,Mr,1,1,1,5.021950103312426,4,False,True,2.2027647577118348,2.2027647577118348,1.88556277362952
0,2,male,43.0,1,1,S,18,Mr,Mr,3,0,3,5.373956029379229,3,False,True,3.305053521109253,2.277267285009756,0.9700571560298151
1,2,female,24.0,2,3,S,37,Mrs,Mrs,6,0,3,9.00018641848105,5,False,True,2.9831534913471307,1.9810014688665833,0.8241754429663494
0,3,female,41.0,0,2,S,40,Mrs,Mrs,3,0,2,0.3353243473577938,5,False,True,3.0545906305603445,2.4074855028194153,1.1080501921252106
1,3,male,3.0,4,2,S,33,Master,Master,7,0,4,8.464522917345182,5,False,True,3.4777725458882283,2.180078418501249,0.09128340176698954
0,3,male,29.69911764705882,0,0,Q,20,Mr,Mr,1,1,1,0.1300192351073603,3,True,True,2.1666737276227077,2.1666508157532127,0.0
0,3,male,23.0,0,0,S,22,Mr,Mr,1,1,1,7.755276166950106,4,False,True,2.3248357019288655,2.3248357019288655,1.2508253588986602
0,3,male,29.69911764705882,1,0,Q,17,Mr,Mr,2,0,1,1.340152284506407,3,True,True,2.803360380906535,2.803360380906535,0.0
0,3,male,1.0,4,1,S,28,Master,Master,6,0,6,4.103968269896615,4,False,True,3.705920919968788,2.0301199863471253,0.02488464331587751
1,3,male,25.0,1,0,S,24,Mr,Mr,2,0,1,7.222525683930662,4,False,True,2.1719067693519296,2.1719067693519296,1.4387525715844656
0,3,female,18.0,0,0,S,31,Miss,Miss,1,1,1,7.315895217553319,4,False,True,2.1719067693519296,2.1719067693519296,1.1984915718377258
1,3,female,63.0,0,0,S,22,Mrs,Mrs,1,1,1,5.902306668690871,3,False,True,2.3596740599781727,2.3597212843648547,2.0243325640047938
0,3,male,38.0,0,0,S,15,Mr,Mr,1,1,1,7.7091220374582194,3,False,True,2.2682524139135403,2.268200666132215,1.6839374797246807
1,3,female,5.0,2,1,C,30,Miss,Miss,4,0,4,1.662833687560794,4,False,True,3.0085645861193133,1.760440785970628,0.23081669022599316
0,3,male,29.69911764705882,0,0,Q,17,Mr,Mr,1,1,1,1.1063173695520725,3,True,True,2.169053700369523,2.169053700369523,0.0
0,3,male,29.69911764705882,1,0,Q,19,Mr,Mr,2,0,3,1.4249554290151325,4,True,True,3.224857896545748,2.2027647577118348,0.0
0,3,male,49.0,0,0,S,19,Mr,Mr,1,1,4,7.582384757040913,3,False,True,0.0,0.0,0.0
0,3,male,16.0,0,0,S,28,Mr,Mr,1,1,1,9.447320222914104,5,False,True,2.2027647577118348,2.2027647577118348,1.094462905121298
0,3,male,24.0,0,0,S,22,Mr,Mr,1,1,1,6.181557343181191,4,False,True,2.3513752571634776,2.3513752571634776,1.2602536402245255
0,3,male,29.69911764705882,1,0,Q,19,Mr,Mr,2,0,1,5.744731131799119,3,True,True,2.169053700369523,2.169053700369523,0.0
0,2,male,34.0,0,0,S,20,Mr,Mr,1,1,2,0.8011484638467514,3,False,True,2.6390573296152584,2.0149030205422647,1.285198244248522
1,2,male,42.0,0,0,S,20,Mr,Mr,1,1,1,6.966508238768922,3,False,True,2.6390573296152584,2.6390573296152584,1.4423838277709342
0,3,female,45.0,0,0,S,33,Miss,Miss,1,1,1,5.833917947661204,4,False,True,2.169053700369523,2.169053700369523,1.9178709289909204
0,3,male,32.0,0,0,S,26,Mr,Mr,1,1,1,7.974260216069281,4,False,True,2.188856327665703,2.188856327665703,1.6169803743377318
0,3,female,18.0,0,1,C,21,Miss,Miss,2,0,2,1.6362382119166918,3,False,True,2.737880811060884,2.107421428186793,0.8088448349017178
0,2,female,44.0,1,0,S,45,Mrs,Mrs,2,0,2,7.33113022415281,6,False,True,3.295836866004329,2.6390573296152584,0.9903987040278769
0,3,male,21.0,0,0,S,28,Mr,Mr,1,1,1,2.129641615089107,4,False,True,2.174751721484161,2.174751721484161,1.3062516534463542
0,3,female,21.0,1,0,S,24,Miss,Miss,2,0,1,6.24148907849134,4,False,True,2.3818582738885534,2.3818582738885534,1.1433958912950832
0,1,male,29.69911764705882,0,0,C,19,Mr,Mr,1,1,4,1.1047411313139466,3,True,True,5.4316456135398825,4.058389178739121,0.0
1,2,female,40.0,1,1,S,61,Mrs,Mrs,3,0,2,9.629920038589946,8,False,True,3.6888794541139363,3.0204248861443626,0.705886206337375
1,1,female,29.69911764705882,1,0,S,49,Mrs,Mrs,2,0,2,5.412665786761103,7,True,False,3.970291913552122,3.295836866004329,0.0
0,3,male,19.0,0,0,S,42,Mr,Mr,1,1,1,6.385259476640855,6,False,False,2.157559320943788,2.157559320943788,1.2480835027734092
0,3,male,34.0,0,0,S,19,Mr,Mr,1,1,1,9.36829739324758,3,False,True,2.2027647577118348,2.2027647577118348,1.6531872949884852
1,1,female,40.0,1,1,C,56,Mrs,Mrs,3,0,2,4.522179408898071,7,False,False,4.908971640319756,4.223177434065069,0.260360542600588
0,2,male,16.0,0,0,S,19,Mr,Mr,1,1,2,9.3621224624369,3,False,True,3.295836866004329,2.6390573296152584,0.4795730802618863
0,3,male,29.69911764705882,0,0,C,17,Mr,Mr,1,1,1,7.907231648389636,3,True,True,2.1076888046179385,2.1076645006235757,0.0
0,2,male,35.0,0,0,S,20,Mr,Mr,1,1,2,8.129010091300776,4,False,True,3.295836866004329,2.6390573296152584,0.8527773261518293
0,3,male,74.0,0,0,S,19,Mr,Mr,1,1,1,2.106621890056666,3,False,True,2.1719067693519296,2.1719067693519296,2.3530581153591497
1,1,female,30.0,0,0,C,19,Miss,Miss,1,1,2,0.2440078155653802,3,False,True,4.676792929661059,3.9929022861537695,0.24833450135807955
0,1,male,71.0,0,0,C,23,Mr,Mr,1,1,1,7.322248864095612,3,False,True,3.922056501139853,3.9220525410653244,0.8896270926350164
1,2,female,31.0,1,1,S,43,Mrs,Mrs,3,0,3,8.948166560605276,6,False,True,3.305053521109253,2.277267285009756,0.7797616533967163
0,3,male,22.0,0,0,S,20,Mr,Mr,1,1,1,5.65133183589209,3,False,True,2.1855792552411137,2.1856017375082266,1.3313870297728903
1,2,female,29.0,1,0,S,50,Mrs,Mrs,2,0,1,0.1454466566788192,6,False,True,3.295836866004329,3.295836866004329,0.7492366472109889
0,3,male,21.0,0,0,Q,19,Mr,Mr,1,1,1,8.34930236799299,3,False,True,2.167143305297764,2.1671089534315957,1.31252104925802
0,3,male,26.0,0,0,S,25,Mr,Mr,1,1,1,4.80586577326648,3,False,True,2.1855792552411137,2.1856017375082266,1.456960140375883
0,3,female,25.0,1,0,S,29,Miss,Miss,2,0,1,1.8552551570312117,4,False,True,2.188856327665703,2.188856327665703,1.4242099278660003
0,3,male,42.0,0,1,S,32,Mr,Mr,2,0,1,8.09874445854635,5,False,True,2.2411563979973974,2.241135130677823,1.7913429240477081
1,1,male,80.0,0,0,S,36,Mr,Mr,1,1,1,8.246809659251491,5,False,False,3.4339872044851463,3.4339872044851463,1.2992829841302609
1,1,female,24.0,0,0,C,20,Mlle,Other,1,1,2,8.37013328363672,3,False,False,4.252771798816619,3.573749146860305,0.2973752016574406
0,3,male,22.0,0,0,S,18,Mr,Mr,1,1,1,2.24604822939982,3,False,True,2.1102132003465894,2.1102132003465894,1.394878104811282
1,2,female,24.0,0,2,S,31,Mrs,Mrs,3,0,2,5.334610919763215,4,False,True,2.740840023925201,2.1102132003465894,0.9765095918672099
1,3,female,29.69911764705882,0,2,C,38,Mrs,Mrs,3,0,2,6.2589137643700905,5,True,True,3.1509523813392697,2.4997131571049733,0.0
1,1,male,56.0,0,0,C,35,Col,Other,1,1,1,8.808707591989284,4,False,False,3.597312260588446,3.597312260588446,0.9468062758001056
1,2,female,34.0,1,1,S,47,Mrs,Mrs,3,0,1,2.686773593849461,7,False,True,3.5115454388310208,3.5115454388310208,0.7159618583261167
0,3,male,17.0,1,0,S,25,Mr,Mr,2,0,1,2.299546058910862,4,False,True,2.086193694502369,2.0861688624292625,1.2266864333596714
0,2,female,27.0,1,0,S,56,Mrs,Mrs,2,0,2,8.5218150031854,8,False,True,3.091042453358316,2.4423470353692043,0.826678573184468
1,2,female,24.0,0,0,S,29,Miss,Miss,1,1,1,1.9068772066366655,4,False,False,2.6390573296152584,2.6390573296152584,1.0459685551826878
1,1,male,4.0,0,2,S,25,Master,Master,3,0,1,3.831385282494975,3,False,False,4.417131919904876,4.417128299259231,0.047708559241344047
0,2,male,29.69911764705882,0,0,S,20,Mr,Mr,1,1,1,7.70921844644052,4,True,True,0.0,0.0,0.0
1,1,female,17.0,1,0,S,41,Mrs,Mrs,2,0,2,1.3271575404306035,6,False,False,4.060443010546419,3.3843902633457743,0.2610138253696196
0,1,male,45.5,0,0,S,19,Mr,Mr,1,1,1,6.635373720167106,3,False,False,3.3843902633457743,3.3843902633457743,0.954161005929565
0,1,male,29.69911764705882,0,0,C,21,Mr,Mr,1,1,1,8.623637087467452,4,True,True,3.357621598945279,3.3576285625153623,0.0
0,3,male,23.0,0,0,S,22,Mr,Mr,1,1,1,7.271690697663081,3,False,True,2.180891922715322,2.180869334309949,1.3682244631474942
0,3,male,30.0,0,0,S,29,Mr,Mr,1,1,1,9.502373538208024,4,False,True,2.2027647577118348,2.2027647577118348,1.5532289928772227
0,2,male,34.0,1,0,S,18,Mr,Mr,2,0,1,4.361265291353167,3,False,True,3.091042453358316,3.091042453358316,0.9628107475090479
1,1,female,29.69911764705882,1,0,C,44,Mrs,Mrs,2,0,2,5.923503285933622,6,True,False,4.500966778400217,3.8188545305356816,0.0
0,3,male,29.69911764705882,8,2,S,19,Mr,Mr,11,0,7,5.956387406078443,3,True,True,4.256321678298823,2.3920600994216485,0.0
0,3,male,40.0,1,4,S,18,Mr,Mr,6,0,6,3.7330931627975295,3,False,True,3.3638415951183864,1.7316555451583497,0.8894093457373304
1,1,female,18.0,0,2,S,19,Miss,Miss,3,0,3,1.7652803200550826,3,False,False,4.390118804571218,3.3160025355989236,0.20374762096663038
1,1,female,52.0,1,1,S,50,Mrs,Mrs,3,0,2,5.553635509376313,7,False,False,4.548599834499697,3.865979066926739,0.4422146503169059
0,3,male,20.0,0,0,S,27,Mr,Mr,1,1,1,3.458830569529568,4,False,True,2.3248357019288655,2.3248357019288655,1.1531073174315414
0,3,male,4.0,3,2,S,21,Master,Master,6,0,6,6.220867002278735,3,False,True,3.3638415951183864,1.7316555451583497,0.1339793209634789
1,1,female,48.0,0,0,S,51,Mrs,Mrs,1,1,1,8.543850933695792,7,False,False,3.2932111997353943,3.2932037728254713,1.0477381316835328
1,3,female,26.0,0,0,S,31,Miss,Miss,1,1,1,9.198556164127606,4,False,True,2.180891922715322,2.180869334309949,1.4610146479079027
0,2,male,23.0,0,0,C,18,Mr,Mr,1,1,1,8.90527280739895,3,False,True,2.775447133088262,2.7754595973314644,0.9276918146574966
0,1,male,52.0,1,1,S,17,Mr,Mr,3,0,3,1.2748866233198242,3,False,False,4.390118804571218,3.3160025355989236,0.5025048495862608
0,2,male,25.0,0,0,S,30,Mr,Mr,1,1,1,1.1976213181925122,5,False,True,2.6390573296152584,2.6390573296152584,1.0726368022648491
1,1,male,36.0,0,0,S,25,Mr,Mr,1,1,1,9.243961953765304,4,False,False,3.3064287218760624,3.306447045116345,0.8626672225787048
0,3,female,2.0,4,2,S,33,Miss,Miss,7,0,7,2.5243694434402077,5,False,True,3.4742929367327062,1.6989129188617031,0.061987307928200494
0,2,male,29.69911764705882,0,0,S,30,Mr,Mr,1,1,3,7.998552559473152,4,True,True,0.0,0.0,0.0
0,2,male,25.0,0,0,S,42,Mr,Mr,1,1,1,8.980542894407137,5,False,True,2.6390573296152584,2.6390573296152584,1.0726368022648491
0,3,male,24.0,0,0,S,22,Mr,Mr,1,1,1,0.4086861626647886,3,False,True,2.2027647577118348,2.2027647577118348,1.381625091936207
0,3,male,19.0,0,0,S,20,Mr,Mr,1,1,1,1.3087366071834985,3,False,True,2.1855792552411137,2.1856017375082266,1.2256391680589016
0,2,male,31.0,0,0,S,38,Mr,Mr,1,1,1,5.974131021703083,5,False,True,2.4423470353692043,2.4423470353692043,1.374318170073175
1,3,female,19.0,0,0,Q,29,Miss,Miss,1,1,1,8.76653602658345,4,False,True,2.1837114628556327,2.1836889380501896,1.2271263774339372
1,1,female,21.0,2,2,C,37,Miss,Miss,5,0,2,1.1730818896239448,5,False,False,5.5735788721243535,4.884225151739353,0.076996330686896
0,2,male,23.0,0,0,S,26,Mr,Mr,1,1,1,8.447832281168877,4,False,True,2.6390573296152584,2.6390573296152584,1.0185695809945732
0,2,male,19.0,1,1,S,28,Mr,Mr,3,0,2,1.2758030279556376,4,False,True,3.6309854756950335,2.9639835752394106,0.4167391846813825
0,3,male,65.0,0,0,Q,16,Mr,Mr,1,1,1,1.533514031160802,3,False,True,2.169053700369523,2.169053700369523,2.239336062686346
0,3,male,29.69911764705882,1,0,S,36,Mr,Mr,2,0,1,1.8513292883861965,5,True,True,3.0429354648621407,3.0429497731631017,0.0
1,2,female,45.0,1,1,S,43,Mrs,Mrs,3,0,3,6.005168604336534,6,False,True,3.305053521109253,2.277267285009756,0.9985288301111271
0,2,male,18.0,0,0,S,26,Mr,Mr,1,1,1,4.316595462296794,4,False,True,2.5257286443082556,2.5257286443082556,0.9420432279765698
1,1,female,54.0,1,0,C,46,Mrs,Mrs,2,0,1,9.71058245165368,6,False,True,4.100989104940769,4.100989104940769,0.6466271649250525
0,1,male,54.0,0,1,S,27,Mr,Mr,2,0,2,1.0717201133977603,4,False,False,4.360387947851531,3.679939612544462,0.5298573400642067
0,3,male,29.69911764705882,0,0,C,17,Mr,Mr,1,1,1,0.7695320162920916,3,True,True,2.1076888046179385,2.1076645006235757,0.0
0,1,male,47.0,0,0,S,30,Mr,Mr,1,1,2,1.8452101935637728,4,False,False,3.970291913552122,3.295836866004329,0.6438761315531626
0,1,male,56.0,0,0,S,26,Mr,Mr,1,1,1,0.5142581348425035,4,False,True,3.3160025355989236,3.3160025355989236,1.134374422678189
0,2,male,21.0,2,0,S,27,Mr,Mr,3,0,5,7.133495858845524,4,False,True,4.310799125385514,2.7536607123542622,0.2513144282809061
0,2,male,29.0,0,0,S,31,Mr,Mr,1,1,1,6.277080530714178,4,False,True,2.4423470353692043,2.4423470353692043,1.3249254147435985
0,3,male,39.0,0,0,S,17,Mr,Mr,1,1,2,1.5954468011318834,3,False,True,3.224857896545748,2.5707020099509865,0.9612284686979186
0,3,female,39.0,0,5,Q,36,Mrs,Mrs,6,0,5,8.288833658826094,5,False,True,3.405355391810819,1.9205923410710235,0.8497473410975436
0,3,male,36.0,1,0,S,29,Mr,Mr,2,0,1,5.800862078378112,4,False,True,2.806386101823072,2.806386101823072,1.1984915718377258
0,2,male,24.0,2,0,S,25,Mr,Mr,3,0,5,8.179670241190621,4,False,True,4.310799125385514,2.7536607123542622,0.28256697178501045
0,3,male,29.69911764705882,0,0,S,19,Mr,Mr,1,1,1,1.8656702405130576,3,True,True,2.2682524139135403,2.268200666132215,0.0
0,3,female,47.0,1,0,S,46,Mrs,Mrs,2,0,1,2.1144800699654462,7,False,True,2.740840023925201,2.740840023925201,1.4448885253859434
0,1,male,29.69911764705882,0,0,S,26,Mr,Mr,1,1,1,0.181101838208405,4,True,False,3.295836866004329,3.295836866004329,0.0
1,3,male,30.0,0,0,S,23,Mr,Mr,1,1,1,9.321182824836123,4,False,True,2.3513752571634776,2.3513752571634776,1.425008873300581
0,3,male,29.69911764705882,0,0,S,21,Mr,Mr,1,1,1,1.0178247262040374,4,True,True,2.1177604059819726,2.1177002537969263,0.0
1,1,female,49.0,1,0,C,40,Mrs,Mrs,2,0,3,1.3637147558676976,6,False,False,4.353230991152628,3.2800085528709393,0.49384804777830327
1,2,female,54.0,1,3,S,37,Mrs,Mrs,5,0,1,3.2646130824399187,5,False,True,3.1780538303479458,3.1780538303479458,1.2083112059245342
0,3,male,29.69911764705882,0,0,Q,23,Mr,Mr,1,1,1,0.3320310879136656,4,True,True,2.1676241075599285,2.167681330529244,0.0
1,1,female,35.0,1,0,S,44,Mrs,Mrs,2,0,2,8.660638895004084,7,False,False,3.9908341858524357,3.3160025355989236,0.5062956046942406
0,3,male,44.0,0,0,S,16,Mr,Mr,1,1,1,6.832953766065052,3,False,True,2.2027647577118348,2.2027647577118348,1.866532703630506
0,3,male,31.0,0,0,S,25,Mr,Mr,1,1,1,6.4357769519652495,4,False,True,2.1719067693519296,2.1719067693519296,1.6068622509973045
0,3,female,8.0,3,1,S,29,Miss,Miss,5,0,4,7.689874151805105,4,False,True,3.0944457464900235,1.8356168522918315,0.32179119451680893
1,1,female,45.0,1,1,S,42,Mrs,Mrs,3,0,2,7.158249646820885,6,False,True,5.11118445372147,4.4240439145558845,0.24133529866330655
0,2,male,18.0,0,0,S,24,Mr,Mr,1,1,1,4.799388347171235,4,False,True,2.5257286443082556,2.5257286443082556,0.9420432279765698
1,1,female,51.0,1,0,S,36,Mrs,Mrs,2,0,3,1.049301784181749,6,False,False,4.368919865004903,3.2953182130085956,0.5033150279420782
1,1,male,0.92,1,2,S,30,Master,Master,4,0,4,5.188380571260721,4,False,False,5.027492411162679,3.6606857197431544,0.0060522518800034805
1,1,female,22.0,0,1,S,27,Miss,Miss,2,0,2,1.552402459307125,4,False,False,4.02535169073515,3.349904087274605,0.33647223662121295
1,3,male,32.0,0,0,S,34,Mr,Mr,1,1,1,5.765164755142536,5,False,False,2.2027647577118348,2.2027647577118348,1.604456582083896
1,2,female,30.0,0,0,S,21,Miss,Miss,1,1,1,4.915945467414369,3,False,True,2.6390573296152584,2.6390573296152584,1.1962507582320256
0,3,male,51.0,0,0,S,23,Mr,Mr,1,1,1,6.651972206962001,4,False,True,2.2027647577118348,2.2027647577118348,1.992712451212899
0,3,female,14.5,1,0,C,20,Miss,Miss,2,0,2,2.093493233367103,3,False,True,2.737880811060884,2.107421428186793,0.6947302414512596
0,3,male,29.69911764705882,0,0,S,21,Mr,Mr,1,1,1,9.556514982297534,4,True,True,2.0856720914304723,2.0856720914304723,0.0
1,3,male,32.0,0,0,S,15,Mr,Mr,1,1,7,9.87649563736058,3,False,True,4.05171190165724,2.205082511632807,0.4487887941544854
0,1,male,29.69911764705882,0,0,S,18,Mr,Mr,1,1,1,1.5105789178090023,3,True,False,3.3160025355989236,3.3160025355989236,0.0
0,3,male,8.0,4,1,Q,25,Master,Master,6,0,5,1.0456784033440023,4,False,True,3.405355391810819,1.9205923410710235,0.242693685236999
0,2,male,42.0,1,0,S,28,Mr,Mr,2,0,2,7.952673118598902,4,False,True,3.332204510175204,2.6741486494265287,0.9382696385929303
1,1,male,29.69911764705882,0,0,S,27,Mr,Mr,1,1,1,7.965372909761763,4,True,False,3.4339872044851463,3.4339872044851463,0.0
1,3,female,19.0,1,0,S,47,Miss,Miss,2,0,1,3.366042781939206,5,False,True,2.180891922715322,2.180869334309949,1.2293738127398859
0,3,male,30.0,0,0,S,17,Mr,Mr,1,1,1,0.9148683739775488,3,False,True,2.1855792552411137,2.1856017375082266,1.568509315475926
0,3,male,4.0,4,1,Q,20,Master,Master,6,0,5,2.579028270449398,3,False,True,3.405355391810819,1.9205923410710235,0.12869137242052162
0,3,male,36.0,0,0,S,19,Mr,Mr,1,1,4,1.8704374855752337,3,False,True,0.0,0.0,0.0
0,3,male,29.69911764705882,1,0,Q,19,Mr,Mr,2,0,2,0.2538635566034486,3,True,True,2.803360380906535,2.169053700369523,0.0
0,3,male,20.0,0,0,C,19,Mr,Mr,1,1,1,0.9944139275934516,3,False,True,1.6119347926326877,1.6118350370338217,1.7891600396385408
0,1,male,29.69911764705882,0,0,C,24,Mr,Mr,1,1,1,5.412963353010705,4,True,True,3.4561841799918147,3.456190489956195,0.0
0,3,male,29.69911764705882,0,0,C,19,Mr,Mr,1,1,1,2.3066981171775867,3,True,True,2.2734137156937657,2.2733622343171422,0.0
0,3,male,29.0,0,0,S,24,Mr,Mr,1,1,1,3.013778741641421,4,False,True,2.1719067693519296,2.1719067693519296,1.5539048084222034
0,3,male,35.0,0,0,S,20,Mr,Mr,1,1,1,0.5784267656339637,3,False,True,2.094945728215801,2.094945728215801,1.7770316625178115
1,3,female,2.0,0,1,S,24,Miss,Miss,2,0,1,8.191023176741997,4,False,True,2.586823743668066,2.586861372310994,0.1508025436476441
0,3,male,21.0,0,0,S,27,Mr,Mr,1,1,1,2.2018320194981134,4,False,True,2.180891922715322,2.180869334309949,1.3012071423845935
1,3,male,29.69911764705882,2,0,Q,18,Mr,Mr,3,0,2,8.388980864459342,3,True,True,3.188416617383492,2.5356789751614235,0.0
1,1,female,32.0,0,0,C,21,Miss,Miss,1,1,1,2.0162732004774453,3,False,False,4.347586575960343,4.347590457352754,0.350264360858008
0,3,male,26.0,1,0,C,27,Mr,Mr,2,0,1,3.287516102875082,3,False,True,2.737880811060884,2.7378678695113923,1.0291854402403693
0,3,female,45.0,0,1,C,31,Mrs,Mrs,2,0,2,6.439995432390157,4,False,True,2.737880811060884,2.107421428186793,1.414221238479197
0,3,male,33.0,1,1,S,25,Mr,Mr,3,0,3,4.798756203039089,4,False,True,3.0692150503137943,2.05949390387014,0.9585051791372545
1,3,male,12.0,1,0,C,28,Master,Master,2,0,2,4.474123668234546,3,False,True,2.5048481563289,1.890246415942709,0.726318000469532
1,1,female,36.0,1,2,S,41,Mrs,Mrs,4,0,4,0.3961882534835714,6,False,False,4.795790545596741,3.4339872044851463,0.262364264467491
0,3,female,26.0,1,0,S,47,Mrs,Mrs,2,0,2,4.084532130706987,7,False,True,2.8390784635086144,2.2027647577118348,0.9612284686979184
1,1,female,15.0,0,1,S,33,Miss,Miss,2,0,3,1.3008624013063197,4,False,False,5.35817698994543,4.26894191960372,0.0685708664836761
0,3,male,7.0,4,1,S,26,Master,Master,6,0,6,7.040797680992236,4,False,True,3.705920919968788,2.0301199863471253,0.16244018624012566
0,3,male,39.0,1,5,S,27,Mr,Mr,7,0,7,8.421189231357086,4,False,True,3.4742929367327062,1.6989129188617031,0.8095970604396208
0,3,male,28.0,0,0,S,27,Mr,Mr,1,1,1,5.596403313082179,5,False,True,2.3513752571634776,2.3513752571634776,1.3730491343698699
0,1,male,37.0,0,1,C,21,Mr,Mr,2,0,1,3.4569599350391944,4,False,False,3.4242626545931514,3.4242626545931514,0.8090579071129241
0,3,male,29.69911764705882,0,0,S,22,Mr,Mr,1,1,1,2.723073265193689,3,True,True,2.1102132003465894,2.1102132003465894,0.0
0,3,male,4.0,4,2,S,39,Master,Master,7,0,7,9.12363345616691,5,False,True,3.4742929367327062,1.6989129188617031,0.12035544138590287
0,2,male,29.69911764705882,0,0,S,21,Mr,Mr,1,1,3,5.9507793070025485,3,True,True,0.0,0.0,0.0
0,3,male,38.0,0,0,S,31,Mr,Mr,1,1,1,2.622640442998251,4,False,True,2.0856720914304723,2.0856720914304723,1.8547453672301697
0,3,male,25.0,0,0,S,16,Mr,Mr,1,1,1,8.005866991090828,3,False,True,2.0856720914304723,2.0856720914304723,1.5142695665425019
1,1,male,37.0,1,1,S,29,Mr,Mr,3,0,2,8.938925830509577,4,False,False,3.9806942251907276,3.306043856253557,0.5329990105681904
0,1,male,54.0,0,0,S,23,Mr,Mr,1,1,1,3.764633668780496,4,False,False,3.967694202798607,3.9676847442530474,0.7135450965887312
0,3,male,28.0,0,0,S,22,Mr,Mr,1,1,1,3.981686935909433,3,False,True,2.1855792552411137,2.1856017375082266,1.5142893244769826
1,1,male,29.69911764705882,0,0,S,45,Mr,Mr,1,1,1,5.679452305526294,6,True,True,3.3160025355989236,3.3160025355989236,0.0
0,3,female,14.0,0,0,S,36,Miss,Miss,1,1,1,8.383287047111379,5,False,True,2.180891922715322,2.180869334309949,1.0233447021864532
1,3,male,26.0,0,0,C,27,Mr,Mr,1,1,2,9.650269106665126,4,False,True,2.9850504252071306,2.34122871658625,0.8687373275519793
0,3,male,29.69911764705882,0,0,S,24,Mr,Mr,1,1,1,8.700988739009299,4,True,True,2.740840023925201,2.740840023925201,0.0
0,3,male,28.5,0,0,S,20,Mr,Mr,1,1,2,6.262203216314154,3,False,True,2.8390784635086144,2.2027647577118348,1.0189145870356011
1,1,male,42.0,1,0,S,28,Mr,Mr,2,0,1,4.9587573507877085,5,False,False,3.9806942251907276,3.9806904906493945,0.5873281970479526
0,3,male,21.0,0,0,S,33,Mr,Mr,1,1,1,7.636057941597608,5,False,True,2.1719067693519296,2.1719067693519296,1.3085934965426484
0,3,male,19.0,0,0,S,17,Mr,Mr,1,1,1,1.586051052930737,3,False,True,2.1855792552411137,2.1856017375082266,1.2256391680589016
0,3,male,24.0,0,0,S,17,Mr,Mr,1,1,1,9.442664891134338,3,False,True,2.139571923732859,2.139595464499583,1.4355113399248733
1,2,female,28.0,1,0,S,43,Mrs,Mrs,2,0,1,0.1839067654746673,7,False,True,3.295836866004329,3.295836866004329,0.7308875085427923
1,3,female,29.69911764705882,0,0,Q,29,Miss,Miss,1,1,1,7.435082562916078,4,True,True,2.17806441028492,2.1780417579194453,0.0
1,1,female,30.0,0,0,S,21,Miss,Miss,1,1,2,0.3700763471549262,3,False,False,4.548599834499697,3.865979066926739,0.27827971977339055
0,2,male,19.0,0,0,S,21,Mr,Mr,1,1,1,0.5182353682242691,3,False,True,2.6390573296152584,2.6390573296152584,0.9007865453381899
0,3,male,22.0,0,0,S,22,Mr,Mr,1,1,1,3.70472102791382,4,False,True,2.2027647577118348,2.2027647577118348,1.3171905695507444
0,1,male,61.0,0,0,S,25,Mr,Mr,1,1,1,8.1707207094928,5,False,False,3.5409593240373143,3.5409593240373143,1.0370543956686764
0,3,male,29.69911764705882,0,0,S,18,Mr,Mr,1,1,1,0.3118313506128467,3,True,True,2.2027647577118348,2.2027647577118348,0.0
0,3,male,19.0,0,0,S,17,Mr,Mr,1,1,1,9.688778552856917,3,False,True,2.4133032309283076,2.413321134588711,1.0536473392404044
0,3,male,29.69911764705882,0,0,S,27,Mr,Mr,1,1,1,4.607787680327258,4,True,True,2.2027647577118348,2.2027647577118348,0.0
1,3,female,26.0,0,0,S,22,Miss,Miss,1,1,1,9.327284833540132,3,False,True,2.188856327665703,2.188856327665703,1.4541298859575886
0,3,male,28.0,0,0,S,24,Mr,Mr,1,1,1,9.15488297588042,4,False,True,3.1580636854714434,3.1580636854714434,0.8078424597952831
1,1,female,44.0,0,0,C,41,Mrs,Mrs,1,1,1,0.6337497047276774,6,False,False,3.357621598945279,3.3576285625153623,0.9505977692302835
0,3,male,41.0,0,0,S,30,Mr,Mr,1,1,1,8.601223971892045,5,False,True,2.094945728215801,2.094945728215801,1.9101920664532341
0,3,male,28.5,0,0,C,19,Mr,Mr,1,1,1,4.374749220237291,3,False,True,2.1076888046179385,2.1076645006235757,1.5978399016569742
0,3,male,29.69911764705882,0,0,C,22,Mr,Mr,1,1,1,1.393560740728241,3,True,True,2.1855792552411137,2.1856017375082266,0.0
0,2,male,21.0,1,0,S,27,Mr,Mr,2,0,1,1.8097695270948977,4,False,True,2.5257286443082556,2.5257286443082556,1.0388930539664876
1,2,female,45.0,0,0,S,29,Mrs,Mrs,1,1,1,0.823810456158427,4,False,True,2.6741486494265287,2.6741486494265287,1.466337068793427
0,2,male,36.0,0,0,S,17,Mr,Mr,1,1,1,1.4991742734877378,3,False,True,2.4423470353692043,2.4423470353692043,1.488077055429833
1,3,male,29.69911764705882,1,1,C,49,Master,Master,3,0,2,2.732595269982093,6,True,True,2.7878344138303452,2.1544330519701873,0.0
0,3,male,40.5,0,0,Q,18,Mr,Mr,1,1,1,6.962887758781397,3,False,True,2.169053700369523,2.169053700369523,1.8287029844197393
1,2,female,18.0,0,1,S,19,Miss,Miss,2,0,2,1.288698674734452,3,False,True,3.1780538303479458,2.5257286443082556,0.5780778507751582
1,1,female,19.0,0,2,S,28,Miss,Miss,3,0,1,5.935924535540487,4,False,False,3.3062747934011893,3.306263797603417,0.5440045545886614
0,3,male,19.0,0,0,S,26,Mr,Mr,1,1,1,0.1971053775436415,4,False,True,2.2027647577118348,2.2027647577118348,1.2120149138620184
0,2,male,35.0,0,0,S,25,Mr,Mr,1,1,1,8.717835665922017,4,False,True,2.4423470353692043,2.4423470353692043,1.466337068793427
0,1,male,29.69911764705882,0,0,S,25,Mr,Mr,1,1,1,2.2381761482262306,4,True,True,3.770459441106359,3.770459441106359,0.0
0,3,male,29.69911764705882,0,0,Q,24,Mr,Mr,1,1,1,5.924077846595176,4,True,True,2.167143305297764,2.1671089534315957,0.0
0,3,male,29.69911764705882,0,0,S,19,Mr,Mr,1,1,1,3.501252591667301,3,True,True,2.2027647577118348,2.2027647577118348,0.0
1,3,female,29.69911764705882,0,0,Q,17,Miss,Miss,1,1,1,8.791183075621646,3,True,True,2.169053700369523,2.169053700369523,0.0
1,1,male,51.0,0,0,S,22,Mr,Mr,1,1,1,9.09032520665641,4,False,False,3.3160025355989236,3.3160025355989236,1.0718931419346
0,3,male,20.0,0,0,S,22,Mr,Mr,1,1,1,7.083629767150348,4,False,True,2.180891922715322,2.180869334309949,1.2659353423394422
0,1,male,58.0,0,0,C,23,Mr,Mr,1,1,1,1.368186309189614,4,False,False,3.4242626545931514,3.4242626545931514,1.0827748535694834
1,2,female,55.0,0,0,S,32,Mrs,Mrs,1,1,1,4.686931597949703,5,False,True,2.833213344056216,2.833213344056216,1.490091154801534
1,1,female,30.0,0,0,C,30,Miss,Miss,1,1,2,3.351972416459009,4,False,False,4.0592215752427645,3.3832031182898765,0.42328560372250046
1,1,male,36.0,1,2,S,26,Mr,Mr,4,0,4,2.078862551460273,4,False,False,4.795790545596741,3.4339872044851463,0.262364264467491
0,3,male,17.0,0,0,S,16,Mr,Mr,1,1,1,2.2120944181960223,3,False,True,2.2682524139135403,2.268200666132215,1.0860274178290303
0,1,male,65.0,0,1,C,30,Mr,Mr,2,0,1,3.5058755880659698,4,False,False,4.142804513146981,4.142801337490295,0.7172244486308802
1,2,female,7.0,0,2,S,22,Miss,Miss,3,0,3,6.158631881823045,4,False,True,3.305053521109253,2.277267285009756,0.23638877806423034
1,2,female,19.0,1,0,S,33,Mrs,Mrs,2,0,2,7.671882889311269,5,False,True,3.295836866004329,2.6390573296152584,0.5485659517488376
0,3,male,21.0,0,0,S,24,Mr,Mr,1,1,1,6.715731955927996,4,False,True,2.2027647577118348,2.2027647577118348,1.2833463918674481
0,1,male,31.0,0,0,S,36,Mr,Mr,1,1,1,5.148173539296902,5,False,False,3.941500250945973,3.9415041347503146,0.4786613206707706
1,1,female,58.0,0,0,C,20,Miss,Miss,1,1,2,9.899602323899453,3,False,False,4.993969182787072,4.307572448748934,0.33350228390086806
0,3,male,20.0,0,0,S,30,Mr,Mr,1,1,1,9.699143978146031,4,False,True,2.2027647577118348,2.2027647577118348,1.2483165405382333
1,3,female,31.0,0,0,S,16,Mrs,Mrs,1,1,1,8.017280830697919,3,False,True,2.270402752283094,2.270371770629394,1.519528803528904
0,1,male,47.0,0,0,S,26,Mr,Mr,1,1,1,6.318135270166684,4,False,False,3.2804411805263554,3.2804599861793355,1.0426887797107605
1,2,female,29.69911764705882,0,0,Q,19,Miss,Miss,1,1,1,9.208418826173723,4,True,False,2.5915163848462583,2.5915163848462583,0.0
0,3,male,29.69911764705882,0,0,S,19,Mr,Mr,1,1,1,2.8869373677069987,3,True,True,2.2027647577118348,2.2027647577118348,0.0
0,3,male,29.69911764705882,0,0,S,18,Mr,Mr,1,1,1,4.146241237270237,3,True,True,2.1855792552411137,2.1856017375082266,0.0
1,1,female,17.0,1,0,C,82,Mrs,Mrs,2,0,2,3.990027038701303,14,False,False,4.699570861409576,4.015481713796376,0.14505791111138663
0,3,male,29.69911764705882,0,0,S,17,Mr,Mr,1,1,1,0.7586332810866392,3,True,True,2.1855792552411137,2.1856017375082266,0.0
0,3,male,29.69911764705882,0,0,C,18,Mr,Mr,1,1,1,2.3000883728770303,3,True,True,2.1071782966514356,2.1071782966514356,0.0
1,1,female,31.0,0,2,S,24,Miss,Miss,3,0,2,7.3750124810974835,4,False,False,5.11118445372147,4.4240439145558845,0.17229705721262817
1,3,female,22.0,0,0,S,18,Miss,Miss,1,1,1,4.213570022770702,3,False,True,2.1719067693519296,2.1719067693519296,1.342755657176066
1,3,female,5.0,4,2,S,30,Miss,Miss,7,0,4,5.027203900924792,4,False,True,3.4777725458882283,2.180078418501249,0.14781558458803817
0,3,female,20.0,0,0,S,23,Miss,Miss,1,1,1,5.520471808519803,3,False,True,2.2682524139135403,2.268200666132215,1.1965862836680012
0,1,male,45.0,0,0,S,28,Mr,Mr,1,1,1,5.953850173200438,4,False,False,3.597312260588446,3.597312260588446,0.8187244879431476
1,1,male,50.0,2,0,S,29,Dr,Other,3,0,2,6.169269183757422,4,False,True,4.902678819257608,4.216930858544996,0.3178073296807483
0,3,male,39.0,0,0,S,25,Mr,Mr,1,1,1,0.6535634079894237,4,False,True,2.188856327665703,2.188856327665703,1.7785282627092283
1,3,male,21.0,0,0,S,22,Mr,Mr,1,1,1,0.2653220387381971,4,False,True,2.174274334826008,2.174297072692515,1.3066444160392436
0,3,male,34.5,0,0,C,26,Mr,Mr,1,1,1,7.252576604151365,4,False,True,2.006534770871748,2.006601995502878,1.8499062474056163
0,3,male,28.0,0,0,S,30,Mr,Mr,1,1,1,7.6022785988968655,5,False,True,2.3513752571634776,2.3513752571634776,1.3730491343698699
1,3,male,29.69911764705882,0,0,S,22,Mr,Mr,1,1,1,2.7687764814720373,4,True,True,2.1719067693519296,2.1719067693519296,0.0
0,3,male,29.69911764705882,0,0,S,33,Mr,Mr,1,1,1,8.698963620621283,5,True,True,2.2027647577118348,2.2027647577118348,0.0
0,3,female,10.0,0,2,S,25,Miss,Miss,3,0,3,2.578876854332023,4,False,True,3.224857896545748,2.2027647577118348,0.34647820591821743
0,3,female,9.0,1,1,C,23,Miss,Miss,3,0,2,6.229665835634828,3,False,True,2.7878344138303452,2.1544330519701873,0.46393935122196434
0,3,male,29.69911764705882,0,0,S,32,Mr,Mr,1,1,1,7.994103989090426,4,True,True,2.1855792552411137,2.1856017375082266,0.0
0,3,male,20.5,0,0,S,31,Mr,Mr,1,1,1,8.16599439471577,5,False,True,2.1102132003465894,2.1102132003465894,1.3422343713258602
1,1,female,29.69911764705882,1,0,S,50,Mrs,Mrs,2,0,2,1.4866272775311296,6,True,True,4.902678819257608,4.216930858544996,0.0
0,3,male,29.69911764705882,0,0,S,19,Mr,Mr,1,1,1,3.7103876298460263,3,True,True,2.2027647577118348,2.2027647577118348,0.0
0,3,male,29.69911764705882,0,0,S,18,Mr,Mr,1,1,1,8.71843527745232,3,True,True,2.145931282948669,2.145931282948669,0.0
0,3,male,29.69911764705882,0,0,Q,19,Mr,Mr,1,1,1,9.839776479598282,3,True,True,2.803360380906535,2.803360380906535,0.0
0,3,male,20.0,0,0,S,19,Mr,Mr,1,1,1,3.6852634372376114,3,False,True,2.2682524139135403,2.268200666132215,1.1965862836680012
0,3,female,43.0,1,6,S,39,Mrs,Mrs,8,0,6,3.0096356694681625,5,False,True,3.8691155044168695,2.17668167610489,0.6506802660253409
0,3,male,22.0,0,0,C,21,Mr,Mr,1,1,1,5.139894891598108,3,False,True,2.1076888046179385,2.1076645006235757,1.3970398296279731
0,3,female,22.0,0,0,S,28,Miss,Miss,1,1,1,1.6975790508754074,4,False,True,2.4437981558973862,2.4438242046867704,1.1287893336296133
0,2,male,39.0,0,0,S,17,Mr,Mr,1,1,1,0.8162998203058958,3,False,True,2.6390573296152584,2.6390573296152584,1.3862943611198906
0,3,male,27.0,1,0,C,19,Mr,Mr,2,0,2,7.234201136885849,3,False,True,2.737880811060884,2.107421428186793,1.0536041735827624
0,2,male,54.0,0,0,S,20,Dr,Other,1,1,1,3.469532018962277,3,False,True,2.70805020110221,2.70805020110221,1.580450375560848
1,3,female,29.69911764705882,0,0,Q,26,Miss,Miss,1,1,1,1.815977168014257,4,True,True,2.169053700369523,2.169053700369523,0.0
0,3,female,37.0,0,0,S,30,Miss,Miss,1,1,1,0.394268113685059,4,False,True,2.3596740599781727,2.3597212843648547,1.5808720981120021
1,3,female,18.0,0,1,S,26,Mrs,Mrs,2,0,1,1.315676851272598,5,False,True,2.336986519711378,2.336986519711378,1.0733401855673945
0,2,male,23.0,0,0,S,28,Mr,Mr,1,1,1,0.0638587171683358,4,False,True,2.6390573296152584,2.6390573296152584,1.0185695809945732
1,3,female,29.69911764705882,0,0,Q,25,Miss,Miss,1,1,1,0.2878267631333897,3,True,True,2.169053700369523,2.169053700369523,0.0
0,3,male,22.0,0,0,S,15,Mr,Mr,1,1,1,5.96269878482053,3,False,True,2.1855792552411137,2.1856017375082266,1.3313870297728903
0,3,male,36.0,0,0,S,16,Mr,Mr,1,1,1,2.5980358106415977,3,False,True,2.139571923732859,2.139595464499583,1.7583215180253813
1,1,female,38.0,0,0,C,29,Miss,Miss,1,1,4,3.975943979627943,4,False,False,5.4316456135398825,4.058389178739121,0.1544488757441839
1,1,female,33.0,1,0,Q,22,Miss,Miss,2,0,2,8.945522268940914,4,False,False,4.51085950651685,3.828641396489095,0.3123746850421524
1,1,female,62.0,0,0,,41,Mrs,Mrs,1,1,2,0.3065250220580606,6,False,False,4.394449154672439,3.713572066704308,0.5738004229273792
0,2,male,70.0,0,0,S,27,Mr,Mr,1,1,1,6.326218931339481,4,False,True,2.4423470353692043,2.4423470353692043,2.03688192726104
1,1,male,36.0,0,0,S,32,Mr,Mr,1,1,1,4.175807757849284,5,False,False,3.3100867049215847,3.3101049612588165,0.8604745216212887
1,2,female,4.0,1,1,S,17,Miss,Miss,3,0,1,2.6899340443509767,3,False,True,3.1780538303479458,3.1780538303479458,0.16034265007517934
0,3,female,32.0,1,1,Q,29,Mrs,Mrs,3,0,2,5.074677337608362,4,False,True,2.803360380906535,2.169053700369523,1.1198896871153945
0,3,male,16.0,1,1,S,27,Mr,Mr,3,0,2,2.005247267003367,4,False,True,3.056356895370426,2.409194828052304,0.5822845877481356
0,2,male,21.0,0,0,S,20,Mr,Mr,1,1,5,4.926180939928696,4,False,True,4.310799125385514,2.7536607123542622,0.2513144282809061
0,3,male,29.69911764705882,0,0,S,17,Mr,Mr,1,1,1,3.3424389081696084,3,True,True,2.1102132003465894,2.1102132003465894,0.0
0,2,male,42.0,0,0,S,33,Rev,Other,1,1,1,5.707783046689119,5,False,True,2.6390573296152584,2.6390573296152584,1.4423838277709342
0,3,male,24.0,0,0,S,18,Mr,Mr,1,1,1,4.894249636431405,3,False,True,2.174274334826008,2.174297072692515,1.4057490784570912
0,2,male,27.0,0,0,S,20,Mr,Mr,1,1,1,8.14574720231382,4,False,True,2.6390573296152584,2.6390573296152584,1.1239300966523995
1,3,female,15.0,0,0,Q,27,Miss,Miss,1,1,1,9.966368370739056,4,False,True,2.2004637699272855,2.200441619325342,1.0536780793354303
0,3,male,21.0,0,0,S,19,Mr,Mr,1,1,1,5.419009473783581,3,False,True,2.1102132003465894,2.1102132003465894,1.3600919887258665
0,3,male,40.0,0,0,C,17,Mr,Mr,1,1,1,9.811861780274237,3,False,True,2.1071782966514356,2.1071782966514356,1.8773761793890775
0,3,female,29.0,1,1,S,42,Mrs,Mrs,3,0,2,3.1172206779554825,6,False,False,2.4390808375825834,1.829536833562085,1.3275534180685165
0,3,male,29.69911764705882,0,0,C,19,Mr,Mr,1,1,1,2.1825388786506417,3,True,True,2.1076888046179385,2.1076645006235757,0.0
0,3,female,11.0,4,2,S,33,Miss,Miss,7,0,7,9.390676985128962,4,False,True,3.4742929367327062,1.6989129188617031,0.3013768384316692
1,1,male,38.0,1,0,S,28,Mr,Mr,2,0,2,3.5883048412350247,4,False,False,4.51085950651685,3.828641396489095,0.3522205935893521
0,3,male,33.0,0,0,C,19,Mr,Mr,1,1,1,8.721239089441514,3,False,True,2.2682524139135403,2.268200666132215,1.5705980791178367
0,3,male,51.0,0,0,S,27,Mr,Mr,1,1,1,3.4780920790219305,4,False,True,2.086193694502369,2.0861688624292625,2.107753872828238
0,3,male,18.0,0,0,S,30,Mr,Mr,1,1,1,9.372284872364512,4,False,True,2.1719067693519296,2.1719067693519296,1.1984915718377258
0,3,male,28.0,0,0,S,13,Mr,Mr,1,1,7,8.655071258939802,3,False,True,4.05171190165724,2.205082511632807,0.40253552987969354
0,3,male,25.0,0,0,C,16,Mr,Mr,1,1,1,3.236102191495412,3,False,True,2.1071782966514356,2.1071782966514356,1.4951953148267554
1,3,female,22.0,0,0,S,31,Miss,Miss,1,1,1,6.527461078518747,4,False,True,2.1102132003465894,2.1102132003465894,1.394878104811282
0,2,male,37.0,1,0,S,23,Mr,Mr,2,0,1,9.949078226464351,4,False,True,3.295836866004329,3.295836866004329,0.8850381883700507
1,1,female,24.0,0,0,C,30,Miss,Miss,1,1,2,8.028534485980114,4,False,False,4.432699549165613,3.7513611739852304,0.25356116016174673
1,3,male,20.0,0,0,C,21,Mr,Mr,1,1,1,7.798509888933498,4,False,True,2.1076888046179385,2.1076645006235757,1.3261615469137409
0,2,male,32.0,0,0,S,26,Mr,Mr,1,1,1,4.591357562382613,4,False,True,2.4423470353692043,2.4423470353692043,1.3981288187668934
1,1,male,45.0,0,0,S,45,Mr,Mr,1,1,1,5.812382214226123,7,False,True,3.3160025355989236,3.3160025355989236,0.991366758314512
1,2,female,6.0,0,1,S,33,Miss,Miss,2,0,3,8.940992036791345,5,False,True,3.5263605246161616,2.4849066497880004,0.16705408466316615
0,2,male,27.0,0,0,S,27,Mr,Mr,1,1,1,9.840834691992953,5,False,True,3.295836866004329,3.295836866004329,0.7121953755306397
1,3,male,19.0,0,0,S,26,Mr,Mr,1,1,1,6.114542354346479,4,False,True,2.2027647577118348,2.2027647577118348,1.2120149138620184
0,3,male,29.69911764705882,0,0,Q,20,Mr,Mr,1,1,1,7.682734138645182,3,True,True,2.17806441028492,2.1780417579194453,0.0
0,2,female,38.0,0,0,S,25,Miss,Miss,1,1,1,1.8192813049527112,4,False,True,2.6390573296152584,2.6390573296152584,1.366876275262789
0,3,male,42.0,0,0,S,19,Mr,Mr,1,1,1,8.734232380816605,3,False,True,2.145931282948669,2.145931282948669,1.8814346975150638
1,1,female,19.0,0,0,S,28,Miss,Miss,1,1,1,2.487142725876299,4,False,False,3.4339872044851463,3.4339872044851463,0.4906229164484712
1,2,female,40.0,0,0,S,50,Mrs,Mrs,1,1,1,8.967654246264251,7,False,True,2.8183982582710754,2.8183982582710754,1.264037045068586
0,3,male,18.0,1,1,S,27,Mr,Mr,3,0,2,1.716792858483035,4,False,True,3.0545906305603445,2.4074855028194153,0.6368614623137278
1,3,female,30.0,0,0,S,24,Miss,Miss,1,1,2,1.5190269351229435,3,False,True,2.600836116795061,1.9793449251415507,1.2251890259204135
1,2,female,36.0,0,0,S,23,Mrs,Mrs,1,1,1,3.623938991166331,5,False,False,2.6390573296152584,2.6390573296152584,1.32687094064909
0,3,male,29.69911764705882,0,0,C,16,Mr,Mr,1,1,1,2.3754332492387764,3,True,True,2.1076888046179385,2.1076645006235757,0.0
1,3,male,20.0,1,0,S,27,Mr,Mr,2,0,1,6.340057030996114,4,False,True,2.188856327665703,2.188856327665703,1.25950002519192
0,3,male,29.69911764705882,0,0,S,17,Mr,Mr,1,1,1,8.258167505647627,3,True,True,2.1855792552411137,2.1856017375082266,0.0
1,1,male,35.0,0,0,C,31,Mr,Mr,1,1,1,5.929399348417031,6,False,True,3.3160025355989236,3.3160025355989236,0.8408201049425147
1,2,male,3.0,1,1,S,26,Master,Master,3,0,3,1.3441467693897424,4,False,False,3.295836866004329,2.268718023482468,0.1091992919649919
0,3,male,29.69911764705882,0,0,S,22,Mr,Mr,1,1,1,6.680851365706461,3,True,True,2.1855792552411137,2.1856017375082266,0.0
0,2,male,36.0,1,2,S,21,Mr,Mr,4,0,3,0.8279866792512647,4,False,True,3.3586377672433594,2.327277705584417,0.831733343846092
1,1,female,50.0,0,1,C,47,Mrs,Mrs,2,0,2,1.1323804584075523,6,False,False,5.515526544247129,4.826391891739602,0.1839895196264752
0,3,female,29.69911764705882,8,2,S,33,Miss,Miss,11,0,7,4.922778564480348,5,True,True,4.256321678298823,2.3920600994216485,0.0
0,1,male,65.0,0,0,S,25,Mr,Mr,1,1,1,7.190459051842455,4,False,False,3.3160025355989236,3.3160025355989236,1.2378555234325719
1,1,female,30.0,0,0,C,23,Miss,Miss,1,1,2,4.386154191895905,3,False,True,3.4657359027997265,2.803360380906535,0.676886659688165
0,1,male,46.0,0,0,C,24,Mr,Mr,1,1,2,7.064757264869011,3,False,False,4.384523514872469,3.703768066607687,0.457936159845618
1,3,female,4.0,0,1,C,18,Miss,Miss,2,0,1,0.2458691645880151,3,False,True,2.668387256845834,2.668408065829767,0.2609293163851512
1,1,male,27.0,0,0,C,18,Mr,Mr,1,1,3,5.8217046017627325,3,False,False,4.353230991152628,3.2800085528709393,0.30150131711837364
1,2,female,41.0,0,1,S,41,Mrs,Mrs,2,0,2,2.517990589069528,5,False,True,3.0204248861443626,2.3749057545736716,1.1322288994670946
1,2,female,29.0,1,0,S,45,Mrs,Mrs,2,0,1,3.2749735217791462,6,False,True,3.295836866004329,3.295836866004329,0.7492366472109889
1,1,female,29.69911764705882,0,1,S,38,Mrs,Mrs,2,0,2,1.1203890216805237,5,True,False,4.02535169073515,3.349904087274605,0.0
1,3,male,20.0,1,1,C,16,Mr,Mr,3,0,2,0.8104621590764793,3,False,True,2.817902613071225,2.18278752953845,0.8200048321130052
1,1,male,35.0,0,0,C,22,Mr,Mr,1,1,3,0.3252617949125191,4,False,False,6.240917354759096,5.1461913024691075,0.06608306237594891
0,3,male,29.69911764705882,0,0,S,31,Mr,Mr,1,1,1,8.491956515653193,4,True,True,2.7788192719904172,2.7788192719904172,0.0
0,3,male,42.0,0,0,S,40,Mr,Mr,1,1,1,9.971245001577111,6,False,False,2.157559320943788,2.157559320943788,1.8702927426527372
0,3,male,29.69911764705882,0,0,C,19,Mr,Mr,1,1,1,5.519068387744856,3,True,True,2.1855792552411137,2.1856017375082266,0.0
1,1,female,16.0,0,1,C,28,Miss,Miss,2,0,2,6.322642879195303,4,False,False,4.077184839375167,3.4008639927609177,0.243699647075411
0,3,male,24.0,0,0,S,14,Mr,Mr,1,1,1,9.38340456821038,3,False,True,2.0856720914304723,2.0856720914304723,1.4825711915553104
1,1,female,21.0,0,0,S,29,Miss,Miss,1,1,3,4.951465270139743,4,False,False,4.368919865004903,3.2953182130085956,0.2385244809314162
1,2,female,28.0,0,0,S,32,Mrs,Mrs,1,1,1,3.796924081672669,6,False,True,2.613739521630969,2.613739521630969,1.1673416208202905
1,2,female,27.0,1,0,C,28,Miss,Miss,2,0,1,4.453052550026655,5,False,True,2.698558631668595,2.6985384407296147,1.0812256519254626
0,2,male,18.0,0,0,S,25,Mr,Mr,1,1,5,2.0498429541582097,4,False,True,4.310799125385514,2.7536607123542622,0.21905356606268458
0,1,male,29.69911764705882,0,0,C,25,Dr,Other,1,1,1,2.4204501586252745,4,True,True,3.703768066607687,3.703768066607687,0.0
1,1,male,23.0,0,1,C,31,Mr,Mr,2,0,1,3.6426986104807546,4,False,False,4.164465907853638,4.16446124643935,0.30969900407534656
1,3,female,13.0,0,0,C,20,Miss,Miss,1,1,1,3.96923276201596,3,False,True,2.1076888046179385,2.1076645006235757,1.0289987251885178
0,3,male,22.0,0,0,S,28,Mr,Mr,1,1,1,8.772005408131083,5,False,True,2.336986519711378,2.336986519711378,1.209837923778334
1,3,female,16.0,0,0,Q,32,Miss,Miss,1,1,1,2.459577283845081,4,False,True,2.167143305297764,2.1671089534315957,1.1213434456044147
0,3,male,47.0,0,0,S,26,Mr,Mr,1,1,1,8.837858849634257,4,False,True,2.1102132003465894,2.1102132003465894,2.0126015235539856
0,3,male,29.69911764705882,0,0,S,18,Mr,Mr,1,1,2,6.949818861265426,3,True,True,2.740840023925201,2.1102132003465894,0.0
0,2,male,28.0,0,0,S,26,Mr,Mr,1,1,1,2.0990559309558576,4,False,True,2.6390573296152584,2.6390573296152584,1.148622709242771
0,3,male,36.0,1,1,S,27,Mr,Mr,3,0,3,1.738952492194873,5,False,True,3.224857896545748,2.2027647577118348,0.9125570623221062
1,2,male,19.0,0,0,S,25,Mr,Mr,1,1,1,3.924451074226354,4,False,True,2.4423470353692043,2.4423470353692043,1.0330150061822965
0,3,female,29.69911764705882,3,1,S,23,Miss,Miss,5,0,4,3.769444294249076,3,True,True,3.275887339030031,1.9970105677006766,0.0
0,3,male,22.0,0,0,S,29,Mr,Mr,1,1,1,3.3490561465708613,4,False,True,2.094945728215801,2.094945728215801,1.4079871857311503
0,2,female,57.0,0,0,S,17,Mrs,Mrs,1,1,2,5.596486834869141,3,False,False,2.4423470353692043,1.8325814637483102,1.8607523407150064
0,3,male,29.0,1,0,S,25,Mr,Mr,2,0,1,4.348273386037462,4,False,True,2.0851502161468174,2.0851750735275965,1.632358657472418
0,3,male,26.0,2,0,S,17,Mr,Mr,3,0,1,2.5824438829895837,3,False,True,2.2682524139135403,2.268200666132215,1.386655046425875
0,3,male,29.69911764705882,0,0,S,17,Mr,Mr,1,1,1,0.1787393473341381,3,True,True,2.2027647577118348,2.2027647577118348,0.0
1,1,female,29.69911764705882,1,0,C,46,Mrs,Mrs,2,0,2,6.0617463445088005,6,True,False,4.993969182787072,4.307572448748934,0.0
0,3,male,32.0,0,0,S,19,Mr,Mr,1,1,1,8.289154741506774,3,False,True,2.1855792552411137,2.1856017375082266,1.6199400826676276
1,3,female,29.69911764705882,0,0,Q,32,Miss,Miss,1,1,1,4.459027063767484,4,True,True,2.167143305297764,2.1671089534315957,0.0
0,3,male,29.69911764705882,0,0,S,18,Mr,Mr,1,1,1,9.208478478156868,3,True,True,2.1855792552411137,2.1856017375082266,0.0
1,2,female,32.0,0,0,S,19,Mrs,Mrs,1,1,1,5.325894325515859,3,False,True,2.6390573296152584,2.6390573296152584,1.241713132308783
1,1,female,40.0,0,0,S,25,Miss,Miss,1,1,3,1.2951492128280415,4,False,False,5.039951348430309,3.9542008803270154,0.23162745773191964
1,1,female,48.0,1,0,C,65,Lady,Other,2,0,1,2.387771457683024,8,False,False,3.703768066607687,3.703768066607687,0.7939518796819109
1,1,male,40.0,0,0,C,16,Mr,Mr,1,1,1,7.308674752036443,3,False,False,3.4657359027997265,3.4657359027997265,0.8286926725561692
0,2,male,23.0,0,0,S,16,Dr,Other,1,1,1,2.594234334312925,3,False,True,2.4423470353692043,2.4423470353692043,1.1601701816675432
0,3,male,18.0,0,0,S,31,Mr,Mr,1,1,1,7.496518317429247,4,False,True,2.174274334826008,2.174297072692515,1.196626560843445
0,1,male,29.69911764705882,0,0,S,21,Mr,Mr,1,1,2,6.939484444671001,3,True,True,3.4657359027997265,2.803360380906535,0.0
0,3,male,33.0,0,0,S,18,Mr,Mr,1,1,1,0.7349674733001266,3,False,True,2.1855792552411137,2.1856017375082266,1.6446963957595366
0,3,male,22.0,1,0,S,23,Mr,Mr,2,0,1,6.134151959357899,4,False,True,2.1102132003465894,2.1102132003465894,1.394878104811282
1,3,female,15.0,0,0,C,32,Miss,Miss,1,1,1,3.251900642246949,5,False,True,2.1071782966514356,2.1071782966514356,1.1236705474014725
1,2,female,22.0,1,2,C,53,Mrs,Mrs,4,0,3,2.6560004258870604,7,False,True,3.7513658711253766,2.698673039289613,0.4246863306048239
0,3,female,29.69911764705882,1,2,S,40,Miss,Miss,4,0,2,6.171449866040301,5,True,True,3.196630215920881,2.5435685624365862,0.0
0,2,male,23.0,2,1,S,27,Mr,Mr,4,0,1,3.152903378306103,4,False,True,2.5257286443082556,2.5257286443082556,1.0986122886681098
0,3,female,29.0,0,4,S,43,Mrs,Mrs,5,0,4,6.796472826930699,6,False,True,3.0944457464900235,1.8356168522918315,0.8654343776639628
0,3,male,35.0,0,0,C,18,Mr,Mr,1,1,1,4.217209268734554,3,False,True,2.1855792552411137,2.1856017375082266,1.6924429465136055
0,2,male,29.0,1,0,S,31,Mr,Mr,2,0,2,7.474709381337565,5,False,True,3.091042453358316,2.4423470353692043,0.8675005677047231
0,2,male,44.0,1,0,S,17,Mr,Mr,2,0,1,3.8389122137321134,3,False,True,3.295836866004329,3.295836866004329,0.9903987040278769
0,1,male,36.0,1,0,S,29,Mr,Mr,2,0,2,4.815223515125501,4,False,False,4.380149874661021,3.6994484054631704,0.3760796157260599
0,3,male,29.69911764705882,0,0,S,20,Mr,Mr,1,1,1,2.244405718366606,3,True,True,2.1855792552411137,2.1856017375082266,0.0
0,3,male,29.69911764705882,0,0,Q,15,Mr,Mr,1,1,1,6.503256863469369,3,True,True,2.0731719286662407,2.0731719286662407,0.0
1,2,female,48.0,1,2,S,32,Mrs,Mrs,4,0,2,0.1162053990810063,5,False,True,4.189654742026425,3.5115454388310208,0.5530005488167035
0,3,male,16.0,0,0,S,25,Mr,Mr,1,1,1,5.05888678884466,4,False,True,2.3513752571634776,2.3513752571634776,0.9873866535578852
1,2,male,32.0,1,0,S,17,Mr,Mr,2,0,2,7.987832357736654,3,False,True,3.295836866004329,2.6390573296152584,0.8023464725249373
1,2,female,3.0,1,2,C,40,Miss,Miss,4,0,3,5.609379715353863,6,False,True,3.7513658711253766,2.698673039289613,0.06966734030423334
0,1,male,38.0,0,0,S,31,Jonkheer,Other,1,1,1,2.2845474133129877,4,False,True,0.0,0.0,0.0
0,2,female,26.0,1,1,S,37,Mrs,Mrs,3,0,1,3.334991716911442,5,False,True,3.295836866004329,3.295836866004329,0.6931471805599453
1,2,male,0.67,1,1,S,25,Master,Master,3,0,2,0.7244688779455888,3,False,True,2.740840023925201,2.1102132003465894,0.045171143933912125
0,1,male,29.69911764705882,0,0,S,21,Mr,Mr,1,1,1,6.1062004244163255,4,True,False,3.9318256327243257,3.9318256327243257,0.0
0,1,male,40.0,0,0,C,24,Don,Other,1,1,1,9.540510272587223,4,False,True,3.357621598945279,3.3576285625153623,0.8932103366101221
1,1,female,54.0,1,0,C,30,Miss,Miss,2,0,2,6.922765645178525,4,False,False,4.37281811610993,3.6921989385242786,0.5246981135785861
0,3,male,28.0,0,0,S,32,Mr,Mr,1,1,1,5.862298320167972,5,False,True,2.180891922715322,2.180869334309949,1.5184122944323117
1,2,female,4.0,2,1,S,27,Miss,Miss,4,0,2,3.72688517012314,4,False,False,3.6888794541139363,3.0204248861443626,0.09763846956391593
0,3,male,18.0,1,0,S,25,Mr,Mr,2,0,1,6.718927435987284,4,False,True,2.0143428636837015,2.014369544936121,1.3273458600756245
0,3,male,18.0,0,0,S,22,Mr,Mr,1,1,1,7.42706521199981,4,False,True,2.2300144001592104,2.2300144001592104,1.1533134243811667
0,3,male,9.0,4,2,S,37,Master,Master,7,0,4,5.07610378684455,5,False,True,3.4777725458882283,2.180078418501249,0.2521106066669132
0,3,male,36.0,0,0,S,19,Mr,Mr,1,1,1,4.811401018548175,3,False,True,2.1855792552411137,2.1856017375082266,1.7154876709927525
1,1,female,36.0,0,0,C,24,Miss,Miss,1,1,3,4.189254495045479,4,False,False,4.91730069488021,3.8332178649856155,0.2354053035926235
0,3,male,25.0,0,0,S,22,Mr,Mr,1,1,1,3.3700317643128628,4,False,True,2.0856720914304723,2.0856720914304723,1.5142695665425019
0,2,male,54.0,0,0,S,26,Mr,Mr,1,1,2,6.077367948788591,4,False,True,3.295836866004329,2.6390573296152584,1.1239300966523995
0,3,female,9.0,2,2,S,32,Miss,Miss,5,0,4,3.630822963986351,5,False,True,3.5660053559634015,2.261137903079872,0.2325536822802879
1,1,female,52.0,1,0,C,47,Mrs,Mrs,2,0,2,9.691026301408112,6,False,False,4.37281811610993,3.6921989385242786,0.5094616622057294
1,2,male,34.0,0,0,S,21,Mr,Mr,1,1,1,9.997176732861304,3,False,False,2.6390573296152584,2.6390573296152584,1.285198244248522
1,2,female,42.0,0,0,S,24,Mrs,Mrs,1,1,1,8.707499012725114,3,False,True,2.6390573296152584,2.6390573296152584,1.4423838277709342
0,3,male,22.0,0,0,S,20,Mr,Mr,1,1,1,1.3882717264941014,3,False,True,2.302585092994046,2.302585092994046,1.236762627148927
0,3,female,45.0,1,4,S,47,Mrs,Mrs,6,0,6,3.9785559904574166,6,False,True,3.3638415951183864,1.7316555451583497,0.9604619501872925
0,3,male,20.0,0,0,S,30,Mr,Mr,1,1,1,3.220791655831783,4,False,True,2.0856720914304723,2.0856720914304723,1.3446593884683133
1,3,male,29.69911764705882,0,0,Q,28,Mr,Mr,1,1,1,0.7219840897917584,4,True,True,2.169053700369523,2.169053700369523,0.0
0,3,male,35.0,0,0,S,15,Mr,Mr,1,1,1,4.087341710980964,3,False,True,2.0856720914304723,2.0856720914304723,1.7858317695947798
0,3,male,30.0,0,0,C,28,Mr,Mr,1,1,1,3.3945019254280604,4,False,True,2.1076888046179385,2.1076645006235757,1.638965019627134
0,3,male,29.69911764705882,2,0,C,19,Mr,Mr,3,0,1,7.55137255673619,3,True,True,3.1214482048688246,3.121439386176725,0.0
1,3,female,27.0,0,2,S,49,Mrs,Mrs,3,0,3,9.872761293149445,7,False,True,2.495953738718064,1.549900199717904,1.2311472988532446
0,3,female,29.69911764705882,1,0,C,21,Miss,Miss,2,0,2,1.1689804070836407,3,True,True,2.737880811060884,2.107421428186793,0.0
0,1,male,39.0,0,0,S,22,Mr,Mr,1,1,1,5.264026609361132,4,False,False,0.0,0.0,0.0
1,1,male,48.0,1,0,C,25,Mr,Mr,2,0,3,7.527166395576412,4,False,False,4.353230991152628,3.2800085528709393,0.4858626472975893
0,3,male,22.0,0,0,S,25,Mr,Mr,1,1,1,2.464020332391068,4,False,True,2.142510233146819,2.142533704845819,1.3674225843538645
0,3,male,20.0,0,0,S,27,Mr,Mr,1,1,1,8.670314961224486,4,False,True,2.188856327665703,2.188856327665703,1.25950002519192
1,1,female,24.0,0,0,C,48,Mlle,Other,1,1,1,9.508635622504103,7,False,False,3.922056501139853,3.9220525410653244,0.395285032983279
1,1,female,22.0,1,0,S,33,Mrs,Mrs,2,0,2,9.865152487929796,5,False,False,4.213607983048918,3.535145354171894,0.2854272800646918
1,3,female,29.69911764705882,1,1,C,17,Miss,Miss,3,0,2,2.6924323094938094,3,True,False,3.1509523813392697,2.4997131571049733,0.0
0,3,male,32.0,1,0,S,26,Mr,Mr,2,0,2,8.306194077877292,4,False,True,2.8243506567983707,2.188856327665703,1.1049016175756738
1,1,female,31.0,1,0,C,23,Miss,Miss,2,0,3,8.41828776758272,3,False,False,4.738607824217808,3.6573371861040576,0.2419027100438282
1,3,male,0.42,0,1,C,31,Master,Master,2,0,1,8.172977699624937,4,False,True,2.2530481500547457,2.2530796730902063,0.048137451656043266
1,2,female,29.0,0,0,S,28,Mrs,Mrs,1,1,1,1.4707348092903794,4,False,False,2.4423470353692043,2.4423470353692043,1.3249254147435985
0,2,male,28.0,0,0,S,26,Mr,Mr,1,1,1,0.4209318963636188,4,False,True,2.6741486494265287,2.6741486494265287,1.123003741792269
1,2,female,32.5,0,0,S,19,Miss,Miss,1,1,1,5.321134852653157,3,False,False,2.6390573296152584,2.6390573296152584,1.252762968495368
0,3,female,21.0,2,2,S,36,Miss,Miss,5,0,4,1.3688563006880727,5,False,True,3.5660053559634015,2.261137903079872,0.4767986723785644
0,2,male,36.0,0,0,C,22,Mr,Mr,1,1,1,5.762883601668132,4,False,False,2.630088659632498,2.630088659632498,1.33397857175573
0,3,male,40.0,0,0,S,17,Mr,Mr,1,1,1,2.3360775104990994,3,False,True,2.1855792552411137,2.1856017375082266,1.802696845370545
1,3,female,17.0,4,2,S,31,Miss,Miss,7,0,1,4.921162930795382,4,False,True,2.188856327665703,2.188856327665703,1.1458489960845577
0,3,male,40.0,1,1,Q,16,Mr,Mr,3,0,2,1.5436271527420231,3,False,True,2.803360380906535,2.169053700369523,1.2755429968271879
0,3,female,28.0,0,0,S,23,Miss,Miss,1,1,1,0.3931213984109893,3,False,True,2.1855792552411137,2.1856017375082266,1.5142893244769826
1,3,male,6.0,0,1,S,19,Master,Master,2,0,2,7.975591006371881,3,False,False,2.600836116795061,1.9793449251415507,0.3926918251966831
1,3,female,24.0,0,3,C,37,Mrs,Mrs,4,0,4,1.7968310887024197,5,False,True,3.0085645861193133,1.760440785970628,0.8092469858420558
1,1,male,29.69911764705882,0,0,S,21,Mr,Mr,1,1,1,4.508393714041321,3,True,False,3.449987545831587,3.449987545831587,0.0
1,2,female,8.0,0,2,S,32,Miss,Miss,3,0,3,5.435528611139886,4,False,True,3.305053521109253,2.277267285009756,0.26602057567060156
1,1,female,18.0,1,0,C,49,Mrs,Mrs,2,0,4,4.261813022359729,7,False,False,5.4316456135398825,4.058389178739121,0.07613865258041853
0,3,male,34.0,0,0,S,26,Mr,Mr,1,1,1,4.715761885501584,4,False,True,2.0143428636837015,2.014369544936121,1.8300424508231177
1,1,male,49.0,1,0,C,44,Sir,Other,2,0,2,1.5389590633985506,7,False,False,4.0592215752427645,3.3832031182898765,0.6209625559035319
0,3,male,70.5,0,0,Q,20,Mr,Mr,1,1,1,4.625347161331479,3,False,True,2.169053700369523,2.169053700369523,2.312215986055007
1,3,female,29.69911764705882,0,0,C,30,Mrs,Mrs,1,1,1,6.589239419101514,4,True,True,2.1076888046179385,2.1076645006235757,0.0
1,3,female,29.69911764705882,1,0,Q,19,Miss,Miss,2,0,3,7.482596903836583,3,True,True,3.224857896545748,2.2027647577118348,0.0
0,3,male,19.0,0,0,S,24,Mr,Mr,1,1,1,9.265876251614944,4,False,True,2.2146605719425225,2.2146278142349036,1.2026468947461244
0,3,male,25.0,0,0,S,34,Mr,Mr,1,1,1,2.0015024424481007,5,False,True,2.1102132003465894,2.1102132003465894,1.492516574375198
0,1,female,25.0,1,2,S,47,Mrs,Mrs,4,0,4,2.49668008859186,8,False,False,5.027492411162679,3.6606857197431544,0.15268851887058324
0,1,male,42.0,1,0,S,30,Mr,Mr,2,0,2,3.5816271803284048,4,False,True,3.970291913552122,3.295836866004329,0.5920510636885765
0,3,male,21.0,0,0,S,25,Mr,Mr,1,1,1,6.68643219924431,4,False,True,2.188856327665703,2.188856327665703,1.294683953316396
0,3,male,29.69911764705882,0,0,S,20,Mr,Mr,1,1,1,5.230654247691193,3,True,True,2.1855792552411137,2.1856017375082266,0.0
0,2,male,29.69911764705882,0,0,S,27,Mr,Mr,1,1,3,4.008514167636399,4,True,True,0.0,0.0,0.0
1,1,female,22.0,0,0,S,20,Miss,Miss,1,1,4,6.545112142811353,3,False,True,5.027492411162679,3.6606857197431544,0.13555013880398303
0,3,male,45.0,0,0,S,18,Mr,Mr,1,1,1,3.7728416310462265,3,False,True,2.076311648670908,2.076311648670908,2.0084305060366474
0,3,male,29.69911764705882,1,0,S,31,Mr,Mr,2,0,1,6.031521094663882,5,True,True,3.0429354648621407,3.0429497731631017,0.0
1,3,female,29.69911764705882,0,0,Q,24,Miss,Miss,1,1,1,2.2864280550346274,4,True,True,2.169053700369523,2.169053700369523,0.0
0,1,male,33.0,0,0,S,24,Mr,Mr,1,1,1,9.694123223352875,4,False,False,1.791759469228055,1.791759469228055,2.028148247292285
1,1,female,22.0,0,2,C,34,Miss,Miss,3,0,1,0.2126941085038713,4,False,False,3.9219733362813143,3.9219733362813143,0.36772478012531734
0,2,male,32.0,2,0,S,18,Mr,Mr,3,0,5,5.3998537971585545,3,False,True,4.310799125385514,2.7536607123542622,0.3614255466973302
1,2,female,22.0,1,1,S,51,Mrs,Mrs,3,0,2,1.763869865062233,7,False,True,3.4011973816621555,2.740840023925201,0.5645298027378517
0,3,male,37.0,2,0,S,30,Mr,Mr,3,0,1,8.735786241067773,4,False,True,2.188856327665703,2.188856327665703,1.7349721129062785
0,1,female,50.0,0,0,C,26,Miss,Miss,1,1,1,2.7997909366028417,4,False,False,3.391567832686312,3.39155100461035,1.0084694057996446
0,1,male,50.0,1,0,C,26,Mr,Mr,2,0,2,9.979341105333376,4,False,False,4.676792929661059,3.9929022861537695,0.38513615017021113
0,3,female,29.69911764705882,0,0,Q,19,Miss,Miss,1,1,1,0.673506014687717,3,True,True,2.212386825075897,2.2123321040164834,0.0
0,2,male,34.0,1,0,S,23,Mr,Mr,2,0,2,6.88402396427736,4,False,True,3.091042453358316,2.4423470353692043,0.9628107475090479
1,2,male,29.69911764705882,0,0,C,26,Mr,Mr,1,1,1,4.019309136092422,5,True,True,2.6988412620169004,2.6988076197352777,0.0
1,3,female,0.75,2,1,C,29,Miss,Miss,4,0,4,5.968428489168892,4,False,True,3.0085645861193133,1.760440785970628,0.03820505082691605
0,3,female,48.0,1,3,S,39,Mrs,Mrs,5,0,4,1.3124487768238755,6,False,True,3.5660053559634015,2.261137903079872,0.8739524368359359
0,1,male,47.0,0,0,S,17,Mr,Mr,1,1,1,7.325720972102503,4,False,False,3.676300671907076,3.676300671907076,0.7978581346489759
1,3,male,27.0,0,0,S,17,Mr,Mr,1,1,1,7.192017782722639,3,False,True,2.2682524139135403,2.268200666132215,1.4150963520235968
